#include "ui.h"
#include "screens.h"
#include "images.h"
#include "actions.h"
#include "vars.h"

// ASSETS DEFINITION
const uint8_t assets[19980] = {
    0x7E, 0x45, 0x45, 0x5A, 0x03, 0x00, 0x06, 0x00, 0x00, 0x00, 0x00, 0x00, 0x24, 0x00, 0x00, 0x00,
    0x24, 0x00, 0x00, 0x00, 0x00, 0x00, 0x00, 0x00, 0x00, 0x00, 0x00, 0x00, 0x00, 0x00, 0x00, 0x00,
    0x00, 0x00, 0x00, 0x00, 0x20, 0x00, 0x00, 0x00, 0x00, 0x00, 0x00, 0x00, 0x00, 0x00, 0x00, 0x00,
    0x40, 0x01, 0xF0, 0x00, 0x01, 0x00, 0x00, 0x00, 0x24, 0x00, 0x00, 0x00, 0x02, 0x00, 0x00, 0x00,
    0x20, 0x00, 0x00, 0x00, 0x0A, 0x00, 0x00, 0x00, 0x1C, 0x00, 0x00, 0x00, 0x1C, 0x00, 0x00, 0x00,
    0x18, 0x4B, 0x00, 0x00, 0x00, 0x00, 0x00, 0x00, 0x00, 0x00, 0x00, 0x00, 0x30, 0x00, 0x00, 0x00,
    0x00, 0x00, 0xFF, 0xFF, 0x34, 0x00, 0x00, 0x00, 0x60, 0x00, 0x00, 0x00, 0x8C, 0x00, 0x00, 0x00,
    0xB8, 0x00, 0x00, 0x00, 0xE4, 0x00, 0x00, 0x00, 0x10, 0x01, 0x00, 0x00, 0x3C, 0x01, 0x00, 0x00,
    0x68, 0x01, 0x00, 0x00, 0x94, 0x01, 0x00, 0x00, 0xC0, 0x01, 0x00, 0x00, 0xEC, 0x01, 0x00, 0x00,
    0x00, 0x00, 0x00, 0x00, 0x00, 0x00, 0x00, 0x00, 0x1B, 0x00, 0x00, 0x00, 0xE4, 0x01, 0x00, 0x00,
    0x00, 0x00, 0x00, 0x00, 0x00, 0x00, 0x00, 0x00, 0x02, 0x00, 0x00, 0x00, 0x2C, 0x4B, 0x00, 0x00,
    0x00, 0x00, 0x00, 0x00, 0x00, 0x00, 0x00, 0x00, 0x00, 0x00, 0x00, 0x00, 0x00, 0x00, 0x00, 0x00,
    0x00, 0x00, 0x00, 0x00, 0x00, 0x00, 0x00, 0x00, 0x0A, 0x00, 0x00, 0x00, 0x20, 0x02, 0x00, 0x00,
    0x00, 0x00, 0x00, 0x00, 0x00, 0x00, 0x00, 0x00, 0x02, 0x00, 0x00, 0x00, 0x00, 0x4B, 0x00, 0x00,
    0x00, 0x00, 0x00, 0x00, 0x00, 0x00, 0x00, 0x00, 0x00, 0x00, 0x00, 0x00, 0x00, 0x00, 0x00, 0x00,
    0x00, 0x00, 0x00, 0x00, 0x00, 0x00, 0x00, 0x00, 0x10, 0x00, 0x00, 0x00, 0x18, 0x02, 0x00, 0x00,
    0x00, 0x00, 0x00, 0x00, 0x00, 0x00, 0x00, 0x00, 0x02, 0x00, 0x00, 0x00, 0xD4, 0x4A, 0x00, 0x00,
    0x00, 0x00, 0x00, 0x00, 0x00, 0x00, 0x00, 0x00, 0x00, 0x00, 0x00, 0x00, 0x00, 0x00, 0x00, 0x00,
    0x00, 0x00, 0x00, 0x00, 0x00, 0x00, 0x00, 0x00, 0x0A, 0x00, 0x00, 0x00, 0x28, 0x02, 0x00, 0x00,
    0x00, 0x00, 0x00, 0x00, 0x00, 0x00, 0x00, 0x00, 0x02, 0x00, 0x00, 0x00, 0xA8, 0x4A, 0x00, 0x00,
    0x00, 0x00, 0x00, 0x00, 0x00, 0x00, 0x00, 0x00, 0x00, 0x00, 0x00, 0x00, 0x00, 0x00, 0x00, 0x00,
    0x00, 0x00, 0x00, 0x00, 0x00, 0x00, 0x00, 0x00, 0x10, 0x00, 0x00, 0x00, 0x20, 0x02, 0x00, 0x00,
    0x00, 0x00, 0x00, 0x00, 0x00, 0x00, 0x00, 0x00, 0x03, 0x00, 0x00, 0x00, 0x7C, 0x4A, 0x00, 0x00,
    0x00, 0x00, 0x00, 0x00, 0x00, 0x00, 0x00, 0x00, 0x00, 0x00, 0x00, 0x00, 0x00, 0x00, 0x00, 0x00,
    0x00, 0x00, 0x00, 0x00, 0x00, 0x00, 0x00, 0x00, 0x05, 0x00, 0x00, 0x00, 0x30, 0x02, 0x00, 0x00,
    0x00, 0x00, 0x00, 0x00, 0x00, 0x00, 0x00, 0x00, 0x02, 0x00, 0x00, 0x00, 0x50, 0x4A, 0x00, 0x00,
    0x00, 0x00, 0x00, 0x00, 0x00, 0x00, 0x00, 0x00, 0x00, 0x00, 0x00, 0x00, 0x00, 0x00, 0x00, 0x00,
    0x00, 0x00, 0x00, 0x00, 0x00, 0x00, 0x00, 0x00, 0x28, 0x00, 0x00, 0x00, 0x14, 0x02, 0x00, 0x00,
    0x00, 0x00, 0x00, 0x00, 0x00, 0x00, 0x00, 0x00, 0x08, 0x00, 0x00, 0x00, 0x24, 0x4A, 0x00, 0x00,
    0x00, 0x00, 0x00, 0x00, 0x00, 0x00, 0x00, 0x00, 0x00, 0x00, 0x00, 0x00, 0x00, 0x00, 0x00, 0x00,
    0x00, 0x00, 0x00, 0x00, 0x00, 0x00, 0x00, 0x00, 0x2A, 0x00, 0x00, 0x00, 0x84, 0x02, 0x00, 0x00,
    0x00, 0x00, 0x00, 0x00, 0x00, 0x00, 0x00, 0x00, 0x08, 0x00, 0x00, 0x00, 0xFC, 0x49, 0x00, 0x00,
    0x00, 0x00, 0x00, 0x00, 0x00, 0x00, 0x00, 0x00, 0x00, 0x00, 0x00, 0x00, 0x00, 0x00, 0x00, 0x00,
    0x00, 0x00, 0x00, 0x00, 0x00, 0x00, 0x00, 0x00, 0x1E, 0x00, 0x00, 0x00, 0xFC, 0x02, 0x00, 0x00,
    0x00, 0x00, 0x00, 0x00, 0x00, 0x00, 0x00, 0x00, 0x08, 0x00, 0x00, 0x00, 0xD4, 0x49, 0x00, 0x00,
    0x00, 0x00, 0x00, 0x00, 0x00, 0x00, 0x00, 0x00, 0x00, 0x00, 0x00, 0x00, 0x00, 0x00, 0x00, 0x00,
    0x00, 0x00, 0x00, 0x00, 0x00, 0x00, 0x00, 0x00, 0x26, 0x00, 0x00, 0x00, 0x44, 0x03, 0x00, 0x00,
    0x00, 0x00, 0x00, 0x00, 0x00, 0x00, 0x00, 0x00, 0x0B, 0x00, 0x00, 0x00, 0xAC, 0x49, 0x00, 0x00,
    0x00, 0x00, 0x00, 0x00, 0x00, 0x00, 0x00, 0x00, 0x00, 0x00, 0x00, 0x00, 0x00, 0x00, 0x00, 0x00,
    0x00, 0x00, 0x00, 0x00, 0x00, 0x00, 0x00, 0x00, 0x44, 0x65, 0x66, 0x61, 0x75, 0x6C, 0x74, 0x00,
    0xA8, 0x03, 0x00, 0x00, 0xC4, 0x03, 0x00, 0x00, 0xE0, 0x03, 0x00, 0x00, 0xFC, 0x03, 0x00, 0x00,
    0x18, 0x04, 0x00, 0x00, 0x34, 0x04, 0x00, 0x00, 0x50, 0x04, 0x00, 0x00, 0x6C, 0x04, 0x00, 0x00,
    0x88, 0x04, 0x00, 0x00, 0xA4, 0x04, 0x00, 0x00, 0xC0, 0x04, 0x00, 0x00, 0xDC, 0x04, 0x00, 0x00,
    0xF8, 0x04, 0x00, 0x00, 0x14, 0x05, 0x00, 0x00, 0x30, 0x05, 0x00, 0x00, 0x4C, 0x05, 0x00, 0x00,
    0x68, 0x05, 0x00, 0x00, 0x84, 0x05, 0x00, 0x00, 0xA0, 0x05, 0x00, 0x00, 0xBC, 0x05, 0x00, 0x00,
    0xD8, 0x05, 0x00, 0x00, 0xF4, 0x05, 0x00, 0x00, 0x10, 0x06, 0x00, 0x00, 0x2C, 0x06, 0x00, 0x00,
    0x48, 0x06, 0x00, 0x00, 0x64, 0x06, 0x00, 0x00, 0x88, 0x06, 0x00, 0x00, 0xA8, 0x06, 0x00, 0x00,
    0xC4, 0x06, 0x00, 0x00, 0xE0, 0x06, 0x00, 0x00, 0xFC, 0x06, 0x00, 0x00, 0x18, 0x07, 0x00, 0x00,
    0x34, 0x07, 0x00, 0x00, 0x50, 0x07, 0x00, 0x00, 0x6C, 0x07, 0x00, 0x00, 0x88, 0x07, 0x00, 0x00,
    0xAC, 0x07, 0x00, 0x00, 0xCC, 0x07, 0x00, 0x00, 0xE8, 0x07, 0x00, 0x00, 0x04, 0x08, 0x00, 0x00,
    0x20, 0x08, 0x00, 0x00, 0x3C, 0x08, 0x00, 0x00, 0x58, 0x08, 0x00, 0x00, 0x74, 0x08, 0x00, 0x00,
    0x90, 0x08, 0x00, 0x00, 0xAC, 0x08, 0x00, 0x00, 0xD0, 0x08, 0x00, 0x00, 0xF4, 0x08, 0x00, 0x00,
    0x18, 0x09, 0x00, 0x00, 0x3C, 0x09, 0x00, 0x00, 0x60, 0x09, 0x00, 0x00, 0x7C, 0x09, 0x00, 0x00,
    0xA0, 0x09, 0x00, 0x00, 0xC0, 0x09, 0x00, 0x00, 0xDC, 0x09, 0x00, 0x00, 0xF8, 0x09, 0x00, 0x00,
    0x14, 0x0A, 0x00, 0x00, 0x30, 0x0A, 0x00, 0x00, 0x4C, 0x0A, 0x00, 0x00, 0x68, 0x0A, 0x00, 0x00,
    0x84, 0x0A, 0x00, 0x00, 0xA0, 0x0A, 0x00, 0x00, 0xC4, 0x0A, 0x00, 0x00, 0xE4, 0x0A, 0x00, 0x00,
    0x00, 0x0B, 0x00, 0x00, 0x1C, 0x0B, 0x00, 0x00, 0x38, 0x0B, 0x00, 0x00, 0x54, 0x0B, 0x00, 0x00,
    0x70, 0x0B, 0x00, 0x00, 0x8C, 0x0B, 0x00, 0x00, 0xA8, 0x0B, 0x00, 0x00, 0xC4, 0x0B, 0x00, 0x00,
    0xE8, 0x0B, 0x00, 0x00, 0x0C, 0x0C, 0x00, 0x00, 0x30, 0x0C, 0x00, 0x00, 0x54, 0x0C, 0x00, 0x00,
    0x70, 0x0C, 0x00, 0x00, 0x94, 0x0C, 0x00, 0x00, 0xB4, 0x0C, 0x00, 0x00, 0xD8, 0x0C, 0x00, 0x00,
    0xF4, 0x0C, 0x00, 0x00, 0x10, 0x0D, 0x00, 0x00, 0x2C, 0x0D, 0x00, 0x00, 0x50, 0x0D, 0x00, 0x00,
    0x70, 0x0D, 0x00, 0x00, 0x8C, 0x0D, 0x00, 0x00, 0xA8, 0x0D, 0x00, 0x00, 0xC4, 0x0D, 0x00, 0x00,
    0xE0, 0x0D, 0x00, 0x00, 0xFC, 0x0D, 0x00, 0x00, 0x18, 0x0E, 0x00, 0x00, 0x34, 0x0E, 0x00, 0x00,
    0x50, 0x0E, 0x00, 0x00, 0x6C, 0x0E, 0x00, 0x00, 0x88, 0x0E, 0x00, 0x00, 0xA4, 0x0E, 0x00, 0x00,
    0xC0, 0x0E, 0x00, 0x00, 0xDC, 0x0E, 0x00, 0x00, 0xF8, 0x0E, 0x00, 0x00, 0x14, 0x0F, 0x00, 0x00,
    0x30, 0x0F, 0x00, 0x00, 0x4C, 0x0F, 0x00, 0x00, 0x68, 0x0F, 0x00, 0x00, 0x84, 0x0F, 0x00, 0x00,
    0xA0, 0x0F, 0x00, 0x00, 0xBC, 0x0F, 0x00, 0x00, 0xD8, 0x0F, 0x00, 0x00, 0xF4, 0x0F, 0x00, 0x00,
    0x10, 0x10, 0x00, 0x00, 0x2C, 0x10, 0x00, 0x00, 0x48, 0x10, 0x00, 0x00, 0x64, 0x10, 0x00, 0x00,
    0x80, 0x10, 0x00, 0x00, 0x9C, 0x10, 0x00, 0x00, 0xB8, 0x10, 0x00, 0x00, 0xDC, 0x10, 0x00, 0x00,
    0x00, 0x11, 0x00, 0x00, 0x24, 0x11, 0x00, 0x00, 0x48, 0x11, 0x00, 0x00, 0x6C, 0x11, 0x00, 0x00,
    0x90, 0x11, 0x00, 0x00, 0xB4, 0x11, 0x00, 0x00, 0xD8, 0x11, 0x00, 0x00, 0xF4, 0x11, 0x00, 0x00,
    0x10, 0x12, 0x00, 0x00, 0x2C, 0x12, 0x00, 0x00, 0x48, 0x12, 0x00, 0x00, 0x64, 0x12, 0x00, 0x00,
    0x80, 0x12, 0x00, 0x00, 0x9C, 0x12, 0x00, 0x00, 0xB8, 0x12, 0x00, 0x00, 0xD4, 0x12, 0x00, 0x00,
    0xF0, 0x12, 0x00, 0x00, 0x0C, 0x13, 0x00, 0x00, 0x28, 0x13, 0x00, 0x00, 0x44, 0x13, 0x00, 0x00,
    0x60, 0x13, 0x00, 0x00, 0x7C, 0x13, 0x00, 0x00, 0x98, 0x13, 0x00, 0x00, 0xB4, 0x13, 0x00, 0x00,
    0xD0, 0x13, 0x00, 0x00, 0xEC, 0x13, 0x00, 0x00, 0x08, 0x14, 0x00, 0x00, 0x24, 0x14, 0x00, 0x00,
    0x40, 0x14, 0x00, 0x00, 0x5C, 0x14, 0x00, 0x00, 0x78, 0x14, 0x00, 0x00, 0x94, 0x14, 0x00, 0x00,
    0xB0, 0x14, 0x00, 0x00, 0xCC, 0x14, 0x00, 0x00, 0xE8, 0x14, 0x00, 0x00, 0x04, 0x15, 0x00, 0x00,
    0x20, 0x15, 0x00, 0x00, 0x3C, 0x15, 0x00, 0x00, 0x58, 0x15, 0x00, 0x00, 0x7C, 0x15, 0x00, 0x00,
    0xA0, 0x15, 0x00, 0x00, 0xC4, 0x15, 0x00, 0x00, 0xE8, 0x15, 0x00, 0x00, 0x0C, 0x16, 0x00, 0x00,
    0x30, 0x16, 0x00, 0x00, 0x54, 0x16, 0x00, 0x00, 0x78, 0x16, 0x00, 0x00, 0x94, 0x16, 0x00, 0x00,
    0xB0, 0x16, 0x00, 0x00, 0xCC, 0x16, 0x00, 0x00, 0xE8, 0x16, 0x00, 0x00, 0x04, 0x17, 0x00, 0x00,
    0x20, 0x17, 0x00, 0x00, 0x3C, 0x17, 0x00, 0x00, 0x58, 0x17, 0x00, 0x00, 0x74, 0x17, 0x00, 0x00,
    0x90, 0x17, 0x00, 0x00, 0xAC, 0x17, 0x00, 0x00, 0xC8, 0x17, 0x00, 0x00, 0xE4, 0x17, 0x00, 0x00,
    0x00, 0x18, 0x00, 0x00, 0x1C, 0x18, 0x00, 0x00, 0x38, 0x18, 0x00, 0x00, 0x54, 0x18, 0x00, 0x00,
    0x70, 0x18, 0x00, 0x00, 0x8C, 0x18, 0x00, 0x00, 0xA8, 0x18, 0x00, 0x00, 0xC4, 0x18, 0x00, 0x00,
    0xE0, 0x18, 0x00, 0x00, 0x04, 0x19, 0x00, 0x00, 0x28, 0x19, 0x00, 0x00, 0x4C, 0x19, 0x00, 0x00,
    0x70, 0x19, 0x00, 0x00, 0x94, 0x19, 0x00, 0x00, 0xB8, 0x19, 0x00, 0x00, 0xDC, 0x19, 0x00, 0x00,
    0x00, 0x1A, 0x00, 0x00, 0x1C, 0x1A, 0x00, 0x00, 0x38, 0x1A, 0x00, 0x00, 0x54, 0x1A, 0x00, 0x00,
    0x70, 0x1A, 0x00, 0x00, 0x8C, 0x1A, 0x00, 0x00, 0xA8, 0x1A, 0x00, 0x00, 0xC4, 0x1A, 0x00, 0x00,
    0xE0, 0x1A, 0x00, 0x00, 0xFC, 0x1A, 0x00, 0x00, 0x18, 0x1B, 0x00, 0x00, 0x34, 0x1B, 0x00, 0x00,
    0x50, 0x1B, 0x00, 0x00, 0x6C, 0x1B, 0x00, 0x00, 0x88, 0x1B, 0x00, 0x00, 0xA4, 0x1B, 0x00, 0x00,
    0xC0, 0x1B, 0x00, 0x00, 0xDC, 0x1B, 0x00, 0x00, 0xF8, 0x1B, 0x00, 0x00, 0x14, 0x1C, 0x00, 0x00,
    0x30, 0x1C, 0x00, 0x00, 0x4C, 0x1C, 0x00, 0x00, 0x68, 0x1C, 0x00, 0x00, 0x84, 0x1C, 0x00, 0x00,
    0xA0, 0x1C, 0x00, 0x00, 0xBC, 0x1C, 0x00, 0x00, 0xD8, 0x1C, 0x00, 0x00, 0xF4, 0x1C, 0x00, 0x00,
    0x10, 0x1D, 0x00, 0x00, 0x2C, 0x1D, 0x00, 0x00, 0x50, 0x1D, 0x00, 0x00, 0x74, 0x1D, 0x00, 0x00,
    0x94, 0x1D, 0x00, 0x00, 0xB8, 0x1D, 0x00, 0x00, 0xDC, 0x1D, 0x00, 0x00, 0x00, 0x1E, 0x00, 0x00,
    0x24, 0x1E, 0x00, 0x00, 0x48, 0x1E, 0x00, 0x00, 0x6C, 0x1E, 0x00, 0x00, 0x90, 0x1E, 0x00, 0x00,
    0xAC, 0x1E, 0x00, 0x00, 0xC8, 0x1E, 0x00, 0x00, 0x30, 0x75, 0x00, 0x00, 0x00, 0x00, 0x00, 0x00,
    0x00, 0x00, 0x00, 0x00, 0x03, 0x00, 0x00, 0x00, 0xDC, 0x1E, 0x00, 0x00, 0x02, 0x00, 0x00, 0x00,
    0xE0, 0x1E, 0x00, 0x00, 0xFF, 0xFF, 0x00, 0x00, 0x31, 0x75, 0x00, 0x00, 0x00, 0x00, 0x00, 0x00,
    0x00, 0x00, 0x00, 0x00, 0x03, 0x00, 0x00, 0x00, 0xD0, 0x1E, 0x00, 0x00, 0x01, 0x00, 0x00, 0x00,
    0xD4, 0x1E, 0x00, 0x00, 0xFF, 0xFF, 0x00, 0x00, 0x32, 0x75, 0x00, 0x00, 0x00, 0x00, 0x00, 0x00,
    0x00, 0x00, 0x00, 0x00, 0x04, 0x00, 0x00, 0x00, 0xC0, 0x1E, 0x00, 0x00, 0x00, 0x00, 0x00, 0x00,
    0x00, 0x00, 0x00, 0x00, 0xFF, 0xFF, 0x00, 0x00, 0x32, 0x75, 0x00, 0x00, 0x00, 0x00, 0x00, 0x00,
    0x00, 0x00, 0x00, 0x00, 0x04, 0x00, 0x00, 0x00, 0xB0, 0x1E, 0x00, 0x00, 0x00, 0x00, 0x00, 0x00,
    0x00, 0x00, 0x00, 0x00, 0xFF, 0xFF, 0x00, 0x00, 0x30, 0x75, 0x00, 0x00, 0x00, 0x00, 0x00, 0x00,
    0x00, 0x00, 0x00, 0x00, 0x03, 0x00, 0x00, 0x00, 0xA0, 0x1E, 0x00, 0x00, 0x02, 0x00, 0x00, 0x00,
    0xA4, 0x1E, 0x00, 0x00, 0xFF, 0xFF, 0x00, 0x00, 0x32, 0x75, 0x00, 0x00, 0x00, 0x00, 0x00, 0x00,
    0x00, 0x00, 0x00, 0x00, 0x04, 0x00, 0x00, 0x00, 0x94, 0x1E, 0x00, 0x00, 0x00, 0x00, 0x00, 0x00,
    0x00, 0x00, 0x00, 0x00, 0xFF, 0xFF, 0x00, 0x00, 0x32, 0x75, 0x00, 0x00, 0x00, 0x00, 0x00, 0x00,
    0x00, 0x00, 0x00, 0x00, 0x04, 0x00, 0x00, 0x00, 0x84, 0x1E, 0x00, 0x00, 0x00, 0x00, 0x00, 0x00,
    0x00, 0x00, 0x00, 0x00, 0xFF, 0xFF, 0x00, 0x00, 0x30, 0x75, 0x00, 0x00, 0x00, 0x00, 0x00, 0x00,
    0x00, 0x00, 0x00, 0x00, 0x03, 0x00, 0x00, 0x00, 0x74, 0x1E, 0x00, 0x00, 0x02, 0x00, 0x00, 0x00,
    0x78, 0x1E, 0x00, 0x00, 0xFF, 0xFF, 0x00, 0x00, 0x32, 0x75, 0x00, 0x00, 0x00, 0x00, 0x00, 0x00,
    0x00, 0x00, 0x00, 0x00, 0x04, 0x00, 0x00, 0x00, 0x68, 0x1E, 0x00, 0x00, 0x00, 0x00, 0x00, 0x00,
    0x00, 0x00, 0x00, 0x00, 0xFF, 0xFF, 0x00, 0x00, 0x32, 0x75, 0x00, 0x00, 0x00, 0x00, 0x00, 0x00,
    0x00, 0x00, 0x00, 0x00, 0x04, 0x00, 0x00, 0x00, 0x58, 0x1E, 0x00, 0x00, 0x00, 0x00, 0x00, 0x00,
    0x00, 0x00, 0x00, 0x00, 0xFF, 0xFF, 0x00, 0x00, 0x30, 0x75, 0x00, 0x00, 0x00, 0x00, 0x00, 0x00,
    0x00, 0x00, 0x00, 0x00, 0x03, 0x00, 0x00, 0x00, 0x48, 0x1E, 0x00, 0x00, 0x02, 0x00, 0x00, 0x00,
    0x4C, 0x1E, 0x00, 0x00, 0xFF, 0xFF, 0x00, 0x00, 0x32, 0x75, 0x00, 0x00, 0x00, 0x00, 0x00, 0x00,
    0x00, 0x00, 0x00, 0x00, 0x04, 0x00, 0x00, 0x00, 0x3C, 0x1E, 0x00, 0x00, 0x00, 0x00, 0x00, 0x00,
    0x00, 0x00, 0x00, 0x00, 0xFF, 0xFF, 0x00, 0x00, 0x32, 0x75, 0x00, 0x00, 0x00, 0x00, 0x00, 0x00,
    0x00, 0x00, 0x00, 0x00, 0x04, 0x00, 0x00, 0x00, 0x2C, 0x1E, 0x00, 0x00, 0x00, 0x00, 0x00, 0x00,
    0x00, 0x00, 0x00, 0x00, 0xFF, 0xFF, 0x00, 0x00, 0x30, 0x75, 0x00, 0x00, 0x00, 0x00, 0x00, 0x00,
    0x00, 0x00, 0x00, 0x00, 0x03, 0x00, 0x00, 0x00, 0x1C, 0x1E, 0x00, 0x00, 0x01, 0x00, 0x00, 0x00,
    0x20, 0x1E, 0x00, 0x00, 0xFF, 0xFF, 0x00, 0x00, 0x32, 0x75, 0x00, 0x00, 0x00, 0x00, 0x00, 0x00,
    0x00, 0x00, 0x00, 0x00, 0x03, 0x00, 0x00, 0x00, 0x0C, 0x1E, 0x00, 0x00, 0x00, 0x00, 0x00, 0x00,
    0x00, 0x00, 0x00, 0x00, 0xFF, 0xFF, 0x00, 0x00, 0x30, 0x75, 0x00, 0x00, 0x00, 0x00, 0x00, 0x00,
    0x00, 0x00, 0x00, 0x00, 0x03, 0x00, 0x00, 0x00, 0xF8, 0x1D, 0x00, 0x00, 0x01, 0x00, 0x00, 0x00,
    0xFC, 0x1D, 0x00, 0x00, 0xFF, 0xFF, 0x00, 0x00, 0x32, 0x75, 0x00, 0x00, 0x00, 0x00, 0x00, 0x00,
    0x00, 0x00, 0x00, 0x00, 0x03, 0x00, 0x00, 0x00, 0xE8, 0x1D, 0x00, 0x00, 0x00, 0x00, 0x00, 0x00,
    0x00, 0x00, 0x00, 0x00, 0xFF, 0xFF, 0x00, 0x00, 0x30, 0x75, 0x00, 0x00, 0x00, 0x00, 0x00, 0x00,
    0x00, 0x00, 0x00, 0x00, 0x03, 0x00, 0x00, 0x00, 0xD4, 0x1D, 0x00, 0x00, 0x01, 0x00, 0x00, 0x00,
    0xD8, 0x1D, 0x00, 0x00, 0xFF, 0xFF, 0x00, 0x00, 0x32, 0x75, 0x00, 0x00, 0x00, 0x00, 0x00, 0x00,
    0x00, 0x00, 0x00, 0x00, 0x04, 0x00, 0x00, 0x00, 0xC4, 0x1D, 0x00, 0x00, 0x00, 0x00, 0x00, 0x00,
    0x00, 0x00, 0x00, 0x00, 0xFF, 0xFF, 0x00, 0x00, 0x33, 0x75, 0x00, 0x00, 0x00, 0x00, 0x00, 0x00,
    0x00, 0x00, 0x00, 0x00, 0x03, 0x00, 0x00, 0x00, 0xB4, 0x1D, 0x00, 0x00, 0x00, 0x00, 0x00, 0x00,
    0x00, 0x00, 0x00, 0x00, 0xFF, 0xFF, 0x00, 0x00, 0x34, 0x75, 0x00, 0x00, 0x00, 0x00, 0x00, 0x00,
    0x00, 0x00, 0x00, 0x00, 0x03, 0x00, 0x00, 0x00, 0xA0, 0x1D, 0x00, 0x00, 0x00, 0x00, 0x00, 0x00,
    0x00, 0x00, 0x00, 0x00, 0xFF, 0xFF, 0x00, 0x00, 0x32, 0x75, 0x00, 0x00, 0x00, 0x00, 0x00, 0x00,
    0x00, 0x00, 0x00, 0x00, 0x04, 0x00, 0x00, 0x00, 0x8C, 0x1D, 0x00, 0x00, 0x00, 0x00, 0x00, 0x00,
    0x00, 0x00, 0x00, 0x00, 0xFF, 0xFF, 0x00, 0x00, 0x34, 0x75, 0x00, 0x00, 0x00, 0x00, 0x00, 0x00,
    0x00, 0x00, 0x00, 0x00, 0x03, 0x00, 0x00, 0x00, 0x7C, 0x1D, 0x00, 0x00, 0x00, 0x00, 0x00, 0x00,
    0x00, 0x00, 0x00, 0x00, 0xFF, 0xFF, 0x00, 0x00, 0x32, 0x75, 0x00, 0x00, 0x00, 0x00, 0x00, 0x00,
    0x00, 0x00, 0x00, 0x00, 0x04, 0x00, 0x00, 0x00, 0x68, 0x1D, 0x00, 0x00, 0x00, 0x00, 0x00, 0x00,
    0x00, 0x00, 0x00, 0x00, 0xFF, 0xFF, 0x00, 0x00, 0x32, 0x75, 0x00, 0x00, 0x00, 0x00, 0x00, 0x00,
    0x00, 0x00, 0x00, 0x00, 0x03, 0x00, 0x00, 0x00, 0x58, 0x1D, 0x00, 0x00, 0x00, 0x00, 0x00, 0x00,
    0x00, 0x00, 0x00, 0x00, 0xFF, 0xFF, 0x00, 0x00, 0x14, 0x04, 0x00, 0x00, 0x01, 0x00, 0x00, 0x00,
    0x4C, 0x1D, 0x00, 0x00, 0x00, 0x00, 0x00, 0x00, 0x00, 0x00, 0x00, 0x00, 0x01, 0x00, 0x00, 0x00,
    0x40, 0x1D, 0x00, 0x00, 0xFF, 0xFF, 0x00, 0x00, 0x01, 0x00, 0x00, 0x00, 0x38, 0x1D, 0x00, 0x00,
    0xF5, 0x03, 0x00, 0x00, 0x01, 0x00, 0x00, 0x00, 0x30, 0x1D, 0x00, 0x00, 0x00, 0x00, 0x00, 0x00,
    0x00, 0x00, 0x00, 0x00, 0x01, 0x00, 0x00, 0x00, 0x24, 0x1D, 0x00, 0x00, 0xFF, 0xFF, 0x00, 0x00,
    0x1E, 0x00, 0x00, 0x00, 0x30, 0x75, 0x00, 0x00, 0x00, 0x00, 0x00, 0x00, 0x00, 0x00, 0x00, 0x00,
    0x03, 0x00, 0x00, 0x00, 0x0C, 0x1D, 0x00, 0x00, 0x01, 0x00, 0x00, 0x00, 0x10, 0x1D, 0x00, 0x00,
    0xFF, 0xFF, 0x00, 0x00, 0x31, 0x75, 0x00, 0x00, 0x00, 0x00, 0x00, 0x00, 0x00, 0x00, 0x00, 0x00,
    0x03, 0x00, 0x00, 0x00, 0xFC, 0x1C, 0x00, 0x00, 0x00, 0x00, 0x00, 0x00, 0x00, 0x00, 0x00, 0x00,
    0xFF, 0xFF, 0x00, 0x00, 0x32, 0x75, 0x00, 0x00, 0x00, 0x00, 0x00, 0x00, 0x00, 0x00, 0x00, 0x00,
    0x04, 0x00, 0x00, 0x00, 0xE8, 0x1C, 0x00, 0x00, 0x00, 0x00, 0x00, 0x00, 0x00, 0x00, 0x00, 0x00,
    0xFF, 0xFF, 0x00, 0x00, 0x32, 0x75, 0x00, 0x00, 0x00, 0x00, 0x00, 0x00, 0x00, 0x00, 0x00, 0x00,
    0x03, 0x00, 0x00, 0x00, 0xD8, 0x1C, 0x00, 0x00, 0x00, 0x00, 0x00, 0x00, 0x00, 0x00, 0x00, 0x00,
    0xFF, 0xFF, 0x00, 0x00, 0x35, 0x75, 0x00, 0x00, 0x00, 0x00, 0x00, 0x00, 0x00, 0x00, 0x00, 0x00,
    0x03, 0x00, 0x00, 0x00, 0xC4, 0x1C, 0x00, 0x00, 0x00, 0x00, 0x00, 0x00, 0x00, 0x00, 0x00, 0x00,
    0xFF, 0xFF, 0x00, 0x00, 0x32, 0x75, 0x00, 0x00, 0x00, 0x00, 0x00, 0x00, 0x00, 0x00, 0x00, 0x00,
    0x03, 0x00, 0x00, 0x00, 0xB0, 0x1C, 0x00, 0x00, 0x00, 0x00, 0x00, 0x00, 0x00, 0x00, 0x00, 0x00,
    0xFF, 0xFF, 0x00, 0x00, 0x30, 0x75, 0x00, 0x00, 0x00, 0x00, 0x00, 0x00, 0x00, 0x00, 0x00, 0x00,
    0x03, 0x00, 0x00, 0x00, 0x9C, 0x1C, 0x00, 0x00, 0x01, 0x00, 0x00, 0x00, 0xA0, 0x1C, 0x00, 0x00,
    0xFF, 0xFF, 0x00, 0x00, 0x32, 0x75, 0x00, 0x00, 0x00, 0x00, 0x00, 0x00, 0x00, 0x00, 0x00, 0x00,
    0x04, 0x00, 0x00, 0x00, 0x8C, 0x1C, 0x00, 0x00, 0x00, 0x00, 0x00, 0x00, 0x00, 0x00, 0x00, 0x00,
    0xFF, 0xFF, 0x00, 0x00, 0x14, 0x04, 0x00, 0x00, 0x01, 0x00, 0x00, 0x00, 0x84, 0x1C, 0x00, 0x00,
    0x00, 0x00, 0x00, 0x00, 0x00, 0x00, 0x00, 0x00, 0x01, 0x00, 0x00, 0x00, 0x78, 0x1C, 0x00, 0x00,
    0xFF, 0xFF, 0x00, 0x00, 0x01, 0x00, 0x00, 0x00, 0x70, 0x1C, 0x00, 0x00, 0xF5, 0x03, 0x00, 0x00,
    0x01, 0x00, 0x00, 0x00, 0x68, 0x1C, 0x00, 0x00, 0x00, 0x00, 0x00, 0x00, 0x00, 0x00, 0x00, 0x00,
    0x01, 0x00, 0x00, 0x00, 0x5C, 0x1C, 0x00, 0x00, 0xFF, 0xFF, 0x00, 0x00, 0x13, 0x00, 0x00, 0x00,
    0x30, 0x75, 0x00, 0x00, 0x00, 0x00, 0x00, 0x00, 0x00, 0x00, 0x00, 0x00, 0x03, 0x00, 0x00, 0x00,
    0x44, 0x1C, 0x00, 0x00, 0x01, 0x00, 0x00, 0x00, 0x48, 0x1C, 0x00, 0x00, 0xFF, 0xFF, 0x00, 0x00,
    0x31, 0x75, 0x00, 0x00, 0x00, 0x00, 0x00, 0x00, 0x00, 0x00, 0x00, 0x00, 0x03, 0x00, 0x00, 0x00,
    0x34, 0x1C, 0x00, 0x00, 0x01, 0x00, 0x00, 0x00, 0x38, 0x1C, 0x00, 0x00, 0xFF, 0xFF, 0x00, 0x00,
    0x32, 0x75, 0x00, 0x00, 0x00, 0x00, 0x00, 0x00, 0x00, 0x00, 0x00, 0x00, 0x04, 0x00, 0x00, 0x00,
    0x24, 0x1C, 0x00, 0x00, 0x00, 0x00, 0x00, 0x00, 0x00, 0x00, 0x00, 0x00, 0xFF, 0xFF, 0x00, 0x00,
    0x30, 0x75, 0x00, 0x00, 0x00, 0x00, 0x00, 0x00, 0x00, 0x00, 0x00, 0x00, 0x03, 0x00, 0x00, 0x00,
    0x14, 0x1C, 0x00, 0x00, 0x01, 0x00, 0x00, 0x00, 0x18, 0x1C, 0x00, 0x00, 0xFF, 0xFF, 0x00, 0x00,
    0x32, 0x75, 0x00, 0x00, 0x00, 0x00, 0x00, 0x00, 0x00, 0x00, 0x00, 0x00, 0x04, 0x00, 0x00, 0x00,
    0x04, 0x1C, 0x00, 0x00, 0x00, 0x00, 0x00, 0x00, 0x00, 0x00, 0x00, 0x00, 0xFF, 0xFF, 0x00, 0x00,
    0x30, 0x75, 0x00, 0x00, 0x00, 0x00, 0x00, 0x00, 0x00, 0x00, 0x00, 0x00, 0x03, 0x00, 0x00, 0x00,
    0xF4, 0x1B, 0x00, 0x00, 0x01, 0x00, 0x00, 0x00, 0xF8, 0x1B, 0x00, 0x00, 0xFF, 0xFF, 0x00, 0x00,
    0x32, 0x75, 0x00, 0x00, 0x00, 0x00, 0x00, 0x00, 0x00, 0x00, 0x00, 0x00, 0x04, 0x00, 0x00, 0x00,
    0xE4, 0x1B, 0x00, 0x00, 0x00, 0x00, 0x00, 0x00, 0x00, 0x00, 0x00, 0x00, 0xFF, 0xFF, 0x00, 0x00,
    0x36, 0x75, 0x00, 0x00, 0x00, 0x00, 0x00, 0x00, 0x00, 0x00, 0x00, 0x00, 0x03, 0x00, 0x00, 0x00,
    0xD4, 0x1B, 0x00, 0x00, 0x00, 0x00, 0x00, 0x00, 0x00, 0x00, 0x00, 0x00, 0xFF, 0xFF, 0x00, 0x00,
    0x09, 0x04, 0x00, 0x00, 0x00, 0x00, 0x00, 0x00, 0x00, 0x00, 0x00, 0x00, 0x07, 0x00, 0x00, 0x00,
    0xC0, 0x1B, 0x00, 0x00, 0x00, 0x00, 0x00, 0x00, 0x00, 0x00, 0x00, 0x00, 0xFF, 0xFF, 0x00, 0x00,
    0x05, 0x00, 0x01, 0x00, 0x06, 0x00, 0x00, 0x00, 0x09, 0x04, 0x00, 0x00, 0x00, 0x00, 0x00, 0x00,
    0x00, 0x00, 0x00, 0x00, 0x07, 0x00, 0x00, 0x00, 0xB4, 0x1B, 0x00, 0x00, 0x00, 0x00, 0x00, 0x00,
    0x00, 0x00, 0x00, 0x00, 0xFF, 0xFF, 0x00, 0x00, 0x05, 0x00, 0x01, 0x00, 0x0A, 0x00, 0x00, 0x00,
    0x09, 0x04, 0x00, 0x00, 0x00, 0x00, 0x00, 0x00, 0x00, 0x00, 0x00, 0x00, 0x07, 0x00, 0x00, 0x00,
    0xA8, 0x1B, 0x00, 0x00, 0x00, 0x00, 0x00, 0x00, 0x00, 0x00, 0x00, 0x00, 0xFF, 0xFF, 0x00, 0x00,
    0x05, 0x00, 0x01, 0x00, 0x0E, 0x00, 0x00, 0x00, 0x09, 0x04, 0x00, 0x00, 0x00, 0x00, 0x00, 0x00,
    0x00, 0x00, 0x00, 0x00, 0x07, 0x00, 0x00, 0x00, 0x9C, 0x1B, 0x00, 0x00, 0x00, 0x00, 0x00, 0x00,
    0x00, 0x00, 0x00, 0x00, 0xFF, 0xFF, 0x00, 0x00, 0x05, 0x00, 0x01, 0x00, 0x12, 0x00, 0x00, 0x00,
    0x09, 0x04, 0x00, 0x00, 0x00, 0x00, 0x00, 0x00, 0x00, 0x00, 0x00, 0x00, 0x07, 0x00, 0x00, 0x00,
    0x90, 0x1B, 0x00, 0x00, 0x00, 0x00, 0x00, 0x00, 0x00, 0x00, 0x00, 0x00, 0xFF, 0xFF, 0x00, 0x00,
    0x05, 0x00, 0x01, 0x00, 0x16, 0x00, 0x00, 0x00, 0x37, 0x75, 0x00, 0x00, 0x00, 0x00, 0x00, 0x00,
    0x00, 0x00, 0x00, 0x00, 0x03, 0x00, 0x00, 0x00, 0x84, 0x1B, 0x00, 0x00, 0x00, 0x00, 0x00, 0x00,
    0x00, 0x00, 0x00, 0x00, 0xFF, 0xFF, 0x00, 0x00, 0x14, 0x04, 0x00, 0x00, 0x01, 0x00, 0x00, 0x00,
    0x78, 0x1B, 0x00, 0x00, 0x00, 0x00, 0x00, 0x00, 0x00, 0x00, 0x00, 0x00, 0x01, 0x00, 0x00, 0x00,
    0x6C, 0x1B, 0x00, 0x00, 0xFF, 0xFF, 0x00, 0x00, 0x01, 0x00, 0x00, 0x00, 0x64, 0x1B, 0x00, 0x00,
    0xF5, 0x03, 0x00, 0x00, 0x01, 0x00, 0x00, 0x00, 0x5C, 0x1B, 0x00, 0x00, 0x00, 0x00, 0x00, 0x00,
    0x00, 0x00, 0x00, 0x00, 0x01, 0x00, 0x00, 0x00, 0x50, 0x1B, 0x00, 0x00, 0xFF, 0xFF, 0x00, 0x00,
    0x19, 0x00, 0x00, 0x00, 0x30, 0x75, 0x00, 0x00, 0x00, 0x00, 0x00, 0x00, 0x00, 0x00, 0x00, 0x00,
    0x03, 0x00, 0x00, 0x00, 0x38, 0x1B, 0x00, 0x00, 0x02, 0x00, 0x00, 0x00, 0x3C, 0x1B, 0x00, 0x00,
    0xFF, 0xFF, 0x00, 0x00, 0x31, 0x75, 0x00, 0x00, 0x00, 0x00, 0x00, 0x00, 0x00, 0x00, 0x00, 0x00,
    0x03, 0x00, 0x00, 0x00, 0x2C, 0x1B, 0x00, 0x00, 0x01, 0x00, 0x00, 0x00, 0x30, 0x1B, 0x00, 0x00,
    0xFF, 0xFF, 0x00, 0x00, 0x32, 0x75, 0x00, 0x00, 0x00, 0x00, 0x00, 0x00, 0x00, 0x00, 0x00, 0x00,
    0x04, 0x00, 0x00, 0x00, 0x1C, 0x1B, 0x00, 0x00, 0x00, 0x00, 0x00, 0x00, 0x00, 0x00, 0x00, 0x00,
    0xFF, 0xFF, 0x00, 0x00, 0x30, 0x75, 0x00, 0x00, 0x00, 0x00, 0x00, 0x00, 0x00, 0x00, 0x00, 0x00,
    0x03, 0x00, 0x00, 0x00, 0x0C, 0x1B, 0x00, 0x00, 0x02, 0x00, 0x00, 0x00, 0x10, 0x1B, 0x00, 0x00,
    0xFF, 0xFF, 0x00, 0x00, 0x32, 0x75, 0x00, 0x00, 0x00, 0x00, 0x00, 0x00, 0x00, 0x00, 0x00, 0x00,
    0x04, 0x00, 0x00, 0x00, 0x00, 0x1B, 0x00, 0x00, 0x00, 0x00, 0x00, 0x00, 0x00, 0x00, 0x00, 0x00,
    0xFF, 0xFF, 0x00, 0x00, 0x32, 0x75, 0x00, 0x00, 0x00, 0x00, 0x00, 0x00, 0x00, 0x00, 0x00, 0x00,
    0x03, 0x00, 0x00, 0x00, 0xF0, 0x1A, 0x00, 0x00, 0x00, 0x00, 0x00, 0x00, 0x00, 0x00, 0x00, 0x00,
    0xFF, 0xFF, 0x00, 0x00, 0x30, 0x75, 0x00, 0x00, 0x00, 0x00, 0x00, 0x00, 0x00, 0x00, 0x00, 0x00,
    0x03, 0x00, 0x00, 0x00, 0xDC, 0x1A, 0x00, 0x00, 0x01, 0x00, 0x00, 0x00, 0xE0, 0x1A, 0x00, 0x00,
    0xFF, 0xFF, 0x00, 0x00, 0x32, 0x75, 0x00, 0x00, 0x00, 0x00, 0x00, 0x00, 0x00, 0x00, 0x00, 0x00,
    0x04, 0x00, 0x00, 0x00, 0xCC, 0x1A, 0x00, 0x00, 0x00, 0x00, 0x00, 0x00, 0x00, 0x00, 0x00, 0x00,
    0xFF, 0xFF, 0x00, 0x00, 0x14, 0x04, 0x00, 0x00, 0x01, 0x00, 0x00, 0x00, 0xC4, 0x1A, 0x00, 0x00,
    0x00, 0x00, 0x00, 0x00, 0x00, 0x00, 0x00, 0x00, 0x01, 0x00, 0x00, 0x00, 0xB8, 0x1A, 0x00, 0x00,
    0xFF, 0xFF, 0x00, 0x00, 0x01, 0x00, 0x00, 0x00, 0xB0, 0x1A, 0x00, 0x00, 0xF5, 0x03, 0x00, 0x00,
    0x01, 0x00, 0x00, 0x00, 0xA8, 0x1A, 0x00, 0x00, 0x00, 0x00, 0x00, 0x00, 0x00, 0x00, 0x00, 0x00,
    0x01, 0x00, 0x00, 0x00, 0x9C, 0x1A, 0x00, 0x00, 0xFF, 0xFF, 0x00, 0x00, 0x25, 0x00, 0x00, 0x00,
    0x30, 0x75, 0x00, 0x00, 0x00, 0x00, 0x00, 0x00, 0x00, 0x00, 0x00, 0x00, 0x03, 0x00, 0x00, 0x00,
    0x84, 0x1A, 0x00, 0x00, 0x01, 0x00, 0x00, 0x00, 0x88, 0x1A, 0x00, 0x00, 0xFF, 0xFF, 0x00, 0x00,
    0x31, 0x75, 0x00, 0x00, 0x00, 0x00, 0x00, 0x00, 0x00, 0x00, 0x00, 0x00, 0x03, 0x00, 0x00, 0x00,
    0x74, 0x1A, 0x00, 0x00, 0x01, 0x00, 0x00, 0x00, 0x78, 0x1A, 0x00, 0x00, 0xFF, 0xFF, 0x00, 0x00,
    0x32, 0x75, 0x00, 0x00, 0x00, 0x00, 0x00, 0x00, 0x00, 0x00, 0x00, 0x00, 0x04, 0x00, 0x00, 0x00,
    0x64, 0x1A, 0x00, 0x00, 0x00, 0x00, 0x00, 0x00, 0x00, 0x00, 0x00, 0x00, 0xFF, 0xFF, 0x00, 0x00,
    0x30, 0x75, 0x00, 0x00, 0x00, 0x00, 0x00, 0x00, 0x00, 0x00, 0x00, 0x00, 0x03, 0x00, 0x00, 0x00,
    0x54, 0x1A, 0x00, 0x00, 0x01, 0x00, 0x00, 0x00, 0x58, 0x1A, 0x00, 0x00, 0xFF, 0xFF, 0x00, 0x00,
    0x32, 0x75, 0x00, 0x00, 0x00, 0x00, 0x00, 0x00, 0x00, 0x00, 0x00, 0x00, 0x04, 0x00, 0x00, 0x00,
    0x44, 0x1A, 0x00, 0x00, 0x00, 0x00, 0x00, 0x00, 0x00, 0x00, 0x00, 0x00, 0xFF, 0xFF, 0x00, 0x00,
    0x32, 0x75, 0x00, 0x00, 0x00, 0x00, 0x00, 0x00, 0x00, 0x00, 0x00, 0x00, 0x03, 0x00, 0x00, 0x00,
    0x34, 0x1A, 0x00, 0x00, 0x00, 0x00, 0x00, 0x00, 0x00, 0x00, 0x00, 0x00, 0xFF, 0xFF, 0x00, 0x00,
    0x38, 0x75, 0x00, 0x00, 0x00, 0x00, 0x00, 0x00, 0x00, 0x00, 0x00, 0x00, 0x03, 0x00, 0x00, 0x00,
    0x20, 0x1A, 0x00, 0x00, 0x00, 0x00, 0x00, 0x00, 0x00, 0x00, 0x00, 0x00, 0xFF, 0xFF, 0x00, 0x00,
    0x36, 0x75, 0x00, 0x00, 0x00, 0x00, 0x00, 0x00, 0x00, 0x00, 0x00, 0x00, 0x03, 0x00, 0x00, 0x00,
    0x0C, 0x1A, 0x00, 0x00, 0x00, 0x00, 0x00, 0x00, 0x00, 0x00, 0x00, 0x00, 0xFF, 0xFF, 0x00, 0x00,
    0x09, 0x04, 0x00, 0x00, 0x00, 0x00, 0x00, 0x00, 0x00, 0x00, 0x00, 0x00, 0x07, 0x00, 0x00, 0x00,
    0xF8, 0x19, 0x00, 0x00, 0x00, 0x00, 0x00, 0x00, 0x00, 0x00, 0x00, 0x00, 0xFF, 0xFF, 0x00, 0x00,
    0x06, 0x00, 0x01, 0x00, 0x1A, 0x00, 0x00, 0x00, 0x09, 0x04, 0x00, 0x00, 0x00, 0x00, 0x00, 0x00,
    0x00, 0x00, 0x00, 0x00, 0x07, 0x00, 0x00, 0x00, 0xEC, 0x19, 0x00, 0x00, 0x00, 0x00, 0x00, 0x00,
    0x00, 0x00, 0x00, 0x00, 0xFF, 0xFF, 0x00, 0x00, 0x07, 0x00, 0x01, 0x00, 0x31, 0x00, 0x00, 0x00,
    0x09, 0x04, 0x00, 0x00, 0x00, 0x00, 0x00, 0x00, 0x00, 0x00, 0x00, 0x00, 0x07, 0x00, 0x00, 0x00,
    0xE0, 0x19, 0x00, 0x00, 0x00, 0x00, 0x00, 0x00, 0x00, 0x00, 0x00, 0x00, 0xFF, 0xFF, 0x00, 0x00,
    0x08, 0x00, 0x01, 0x00, 0x4A, 0x00, 0x00, 0x00, 0x09, 0x04, 0x00, 0x00, 0x00, 0x00, 0x00, 0x00,
    0x00, 0x00, 0x00, 0x00, 0x07, 0x00, 0x00, 0x00, 0xD4, 0x19, 0x00, 0x00, 0x00, 0x00, 0x00, 0x00,
    0x00, 0x00, 0x00, 0x00, 0xFF, 0xFF, 0x00, 0x00, 0x09, 0x00, 0x01, 0x00, 0x5B, 0x00, 0x00, 0x00,
    0x38, 0x75, 0x00, 0x00, 0x00, 0x00, 0x00, 0x00, 0x00, 0x00, 0x00, 0x00, 0x03, 0x00, 0x00, 0x00,
    0xC8, 0x19, 0x00, 0x00, 0x00, 0x00, 0x00, 0x00, 0x00, 0x00, 0x00, 0x00, 0xFF, 0xFF, 0x00, 0x00,
    0x14, 0x04, 0x00, 0x00, 0x01, 0x00, 0x00, 0x00, 0xBC, 0x19, 0x00, 0x00, 0x00, 0x00, 0x00, 0x00,
    0x00, 0x00, 0x00, 0x00, 0x01, 0x00, 0x00, 0x00, 0xB0, 0x19, 0x00, 0x00, 0xFF, 0xFF, 0x00, 0x00,
    0x01, 0x00, 0x00, 0x00, 0xA8, 0x19, 0x00, 0x00, 0xF5, 0x03, 0x00, 0x00, 0x01, 0x00, 0x00, 0x00,
    0xA0, 0x19, 0x00, 0x00, 0x00, 0x00, 0x00, 0x00, 0x00, 0x00, 0x00, 0x00, 0x01, 0x00, 0x00, 0x00,
    0x94, 0x19, 0x00, 0x00, 0xFF, 0xFF, 0x00, 0x00, 0x1A, 0x00, 0x00, 0x00, 0x14, 0x04, 0x00, 0x00,
    0x01, 0x00, 0x00, 0x00, 0x84, 0x19, 0x00, 0x00, 0x00, 0x00, 0x00, 0x00, 0x00, 0x00, 0x00, 0x00,
    0x01, 0x00, 0x00, 0x00, 0x78, 0x19, 0x00, 0x00, 0xFF, 0xFF, 0x00, 0x00, 0x01, 0x00, 0x00, 0x00,
    0x70, 0x19, 0x00, 0x00, 0x32, 0x75, 0x00, 0x00, 0x00, 0x00, 0x00, 0x00, 0x00, 0x00, 0x00, 0x00,
    0x03, 0x00, 0x00, 0x00, 0x60, 0x19, 0x00, 0x00, 0x00, 0x00, 0x00, 0x00, 0x00, 0x00, 0x00, 0x00,
    0xFF, 0xFF, 0x00, 0x00, 0x30, 0x75, 0x00, 0x00, 0x00, 0x00, 0x00, 0x00, 0x00, 0x00, 0x00, 0x00,
    0x03, 0x00, 0x00, 0x00, 0x4C, 0x19, 0x00, 0x00, 0x01, 0x00, 0x00, 0x00, 0x50, 0x19, 0x00, 0x00,
    0xFF, 0xFF, 0x00, 0x00, 0x32, 0x75, 0x00, 0x00, 0x00, 0x00, 0x00, 0x00, 0x00, 0x00, 0x00, 0x00,
    0x03, 0x00, 0x00, 0x00, 0x3C, 0x19, 0x00, 0x00, 0x00, 0x00, 0x00, 0x00, 0x00, 0x00, 0x00, 0x00,
    0xFF, 0xFF, 0x00, 0x00, 0x14, 0x04, 0x00, 0x00, 0x01, 0x00, 0x00, 0x00, 0x30, 0x19, 0x00, 0x00,
    0x00, 0x00, 0x00, 0x00, 0x00, 0x00, 0x00, 0x00, 0x01, 0x00, 0x00, 0x00, 0x24, 0x19, 0x00, 0x00,
    0xFF, 0xFF, 0x00, 0x00, 0x01, 0x00, 0x00, 0x00, 0x1C, 0x19, 0x00, 0x00, 0xF5, 0x03, 0x00, 0x00,
    0x01, 0x00, 0x00, 0x00, 0x14, 0x19, 0x00, 0x00, 0x00, 0x00, 0x00, 0x00, 0x00, 0x00, 0x00, 0x00,
    0x01, 0x00, 0x00, 0x00, 0x08, 0x19, 0x00, 0x00, 0xFF, 0xFF, 0x00, 0x00, 0x17, 0x00, 0x00, 0x00,
    0x32, 0x75, 0x00, 0x00, 0x00, 0x00, 0x00, 0x00, 0x00, 0x00, 0x00, 0x00, 0x04, 0x00, 0x00, 0x00,
    0xF0, 0x18, 0x00, 0x00, 0x00, 0x00, 0x00, 0x00, 0x00, 0x00, 0x00, 0x00, 0xFF, 0xFF, 0x00, 0x00,
    0x34, 0x75, 0x00, 0x00, 0x00, 0x00, 0x00, 0x00, 0x00, 0x00, 0x00, 0x00, 0x03, 0x00, 0x00, 0x00,
    0xE0, 0x18, 0x00, 0x00, 0x00, 0x00, 0x00, 0x00, 0x00, 0x00, 0x00, 0x00, 0xFF, 0xFF, 0x00, 0x00,
    0x34, 0x75, 0x00, 0x00, 0x00, 0x00, 0x00, 0x00, 0x00, 0x00, 0x00, 0x00, 0x03, 0x00, 0x00, 0x00,
    0xCC, 0x18, 0x00, 0x00, 0x00, 0x00, 0x00, 0x00, 0x00, 0x00, 0x00, 0x00, 0xFF, 0xFF, 0x00, 0x00,
    0x32, 0x75, 0x00, 0x00, 0x00, 0x00, 0x00, 0x00, 0x00, 0x00, 0x00, 0x00, 0x04, 0x00, 0x00, 0x00,
    0xB8, 0x18, 0x00, 0x00, 0x00, 0x00, 0x00, 0x00, 0x00, 0x00, 0x00, 0x00, 0xFF, 0xFF, 0x00, 0x00,
    0x34, 0x75, 0x00, 0x00, 0x00, 0x00, 0x00, 0x00, 0x00, 0x00, 0x00, 0x00, 0x03, 0x00, 0x00, 0x00,
    0xA8, 0x18, 0x00, 0x00, 0x00, 0x00, 0x00, 0x00, 0x00, 0x00, 0x00, 0x00, 0xFF, 0xFF, 0x00, 0x00,
    0x32, 0x75, 0x00, 0x00, 0x00, 0x00, 0x00, 0x00, 0x00, 0x00, 0x00, 0x00, 0x04, 0x00, 0x00, 0x00,
    0x94, 0x18, 0x00, 0x00, 0x00, 0x00, 0x00, 0x00, 0x00, 0x00, 0x00, 0x00, 0xFF, 0xFF, 0x00, 0x00,
    0x34, 0x75, 0x00, 0x00, 0x00, 0x00, 0x00, 0x00, 0x00, 0x00, 0x00, 0x00, 0x03, 0x00, 0x00, 0x00,
    0x84, 0x18, 0x00, 0x00, 0x00, 0x00, 0x00, 0x00, 0x00, 0x00, 0x00, 0x00, 0xFF, 0xFF, 0x00, 0x00,
    0x32, 0x75, 0x00, 0x00, 0x00, 0x00, 0x00, 0x00, 0x00, 0x00, 0x00, 0x00, 0x04, 0x00, 0x00, 0x00,
    0x70, 0x18, 0x00, 0x00, 0x00, 0x00, 0x00, 0x00, 0x00, 0x00, 0x00, 0x00, 0xFF, 0xFF, 0x00, 0x00,
    0x30, 0x75, 0x00, 0x00, 0x00, 0x00, 0x00, 0x00, 0x00, 0x00, 0x00, 0x00, 0x03, 0x00, 0x00, 0x00,
    0x60, 0x18, 0x00, 0x00, 0x02, 0x00, 0x00, 0x00, 0x64, 0x18, 0x00, 0x00, 0xFF, 0xFF, 0x00, 0x00,
    0x32, 0x75, 0x00, 0x00, 0x00, 0x00, 0x00, 0x00, 0x00, 0x00, 0x00, 0x00, 0x04, 0x00, 0x00, 0x00,
    0x54, 0x18, 0x00, 0x00, 0x00, 0x00, 0x00, 0x00, 0x00, 0x00, 0x00, 0x00, 0xFF, 0xFF, 0x00, 0x00,
    0x30, 0x75, 0x00, 0x00, 0x00, 0x00, 0x00, 0x00, 0x00, 0x00, 0x00, 0x00, 0x03, 0x00, 0x00, 0x00,
    0x44, 0x18, 0x00, 0x00, 0x02, 0x00, 0x00, 0x00, 0x48, 0x18, 0x00, 0x00, 0xFF, 0xFF, 0x00, 0x00,
    0x32, 0x75, 0x00, 0x00, 0x00, 0x00, 0x00, 0x00, 0x00, 0x00, 0x00, 0x00, 0x04, 0x00, 0x00, 0x00,
    0x38, 0x18, 0x00, 0x00, 0x00, 0x00, 0x00, 0x00, 0x00, 0x00, 0x00, 0x00, 0xFF, 0xFF, 0x00, 0x00,
    0x30, 0x75, 0x00, 0x00, 0x00, 0x00, 0x00, 0x00, 0x00, 0x00, 0x00, 0x00, 0x03, 0x00, 0x00, 0x00,
    0x28, 0x18, 0x00, 0x00, 0x02, 0x00, 0x00, 0x00, 0x2C, 0x18, 0x00, 0x00, 0xFF, 0xFF, 0x00, 0x00,
    0x32, 0x75, 0x00, 0x00, 0x00, 0x00, 0x00, 0x00, 0x00, 0x00, 0x00, 0x00, 0x04, 0x00, 0x00, 0x00,
    0x1C, 0x18, 0x00, 0x00, 0x00, 0x00, 0x00, 0x00, 0x00, 0x00, 0x00, 0x00, 0xFF, 0xFF, 0x00, 0x00,
    0x30, 0x75, 0x00, 0x00, 0x00, 0x00, 0x00, 0x00, 0x00, 0x00, 0x00, 0x00, 0x03, 0x00, 0x00, 0x00,
    0x0C, 0x18, 0x00, 0x00, 0x02, 0x00, 0x00, 0x00, 0x10, 0x18, 0x00, 0x00, 0xFF, 0xFF, 0x00, 0x00,
    0x32, 0x75, 0x00, 0x00, 0x00, 0x00, 0x00, 0x00, 0x00, 0x00, 0x00, 0x00, 0x04, 0x00, 0x00, 0x00,
    0x00, 0x18, 0x00, 0x00, 0x00, 0x00, 0x00, 0x00, 0x00, 0x00, 0x00, 0x00, 0xFF, 0xFF, 0x00, 0x00,
    0x30, 0x75, 0x00, 0x00, 0x00, 0x00, 0x00, 0x00, 0x00, 0x00, 0x00, 0x00, 0x03, 0x00, 0x00, 0x00,
    0xF0, 0x17, 0x00, 0x00, 0x02, 0x00, 0x00, 0x00, 0xF4, 0x17, 0x00, 0x00, 0xFF, 0xFF, 0x00, 0x00,
    0x32, 0x75, 0x00, 0x00, 0x00, 0x00, 0x00, 0x00, 0x00, 0x00, 0x00, 0x00, 0x04, 0x00, 0x00, 0x00,
    0xE4, 0x17, 0x00, 0x00, 0x00, 0x00, 0x00, 0x00, 0x00, 0x00, 0x00, 0x00, 0xFF, 0xFF, 0x00, 0x00,
    0x30, 0x75, 0x00, 0x00, 0x00, 0x00, 0x00, 0x00, 0x00, 0x00, 0x00, 0x00, 0x03, 0x00, 0x00, 0x00,
    0xD4, 0x17, 0x00, 0x00, 0x02, 0x00, 0x00, 0x00, 0xD8, 0x17, 0x00, 0x00, 0xFF, 0xFF, 0x00, 0x00,
    0x32, 0x75, 0x00, 0x00, 0x00, 0x00, 0x00, 0x00, 0x00, 0x00, 0x00, 0x00, 0x04, 0x00, 0x00, 0x00,
    0xC8, 0x17, 0x00, 0x00, 0x00, 0x00, 0x00, 0x00, 0x00, 0x00, 0x00, 0x00, 0xFF, 0xFF, 0x00, 0x00,
    0x30, 0x75, 0x00, 0x00, 0x00, 0x00, 0x00, 0x00, 0x00, 0x00, 0x00, 0x00, 0x03, 0x00, 0x00, 0x00,
    0xB8, 0x17, 0x00, 0x00, 0x02, 0x00, 0x00, 0x00, 0xBC, 0x17, 0x00, 0x00, 0xFF, 0xFF, 0x00, 0x00,
    0x32, 0x75, 0x00, 0x00, 0x00, 0x00, 0x00, 0x00, 0x00, 0x00, 0x00, 0x00, 0x04, 0x00, 0x00, 0x00,
    0xAC, 0x17, 0x00, 0x00, 0x00, 0x00, 0x00, 0x00, 0x00, 0x00, 0x00, 0x00, 0xFF, 0xFF, 0x00, 0x00,
    0x30, 0x75, 0x00, 0x00, 0x00, 0x00, 0x00, 0x00, 0x00, 0x00, 0x00, 0x00, 0x03, 0x00, 0x00, 0x00,
    0x9C, 0x17, 0x00, 0x00, 0x02, 0x00, 0x00, 0x00, 0xA0, 0x17, 0x00, 0x00, 0xFF, 0xFF, 0x00, 0x00,
    0x32, 0x75, 0x00, 0x00, 0x00, 0x00, 0x00, 0x00, 0x00, 0x00, 0x00, 0x00, 0x04, 0x00, 0x00, 0x00,
    0x90, 0x17, 0x00, 0x00, 0x00, 0x00, 0x00, 0x00, 0x00, 0x00, 0x00, 0x00, 0xFF, 0xFF, 0x00, 0x00,
    0x32, 0x75, 0x00, 0x00, 0x00, 0x00, 0x00, 0x00, 0x00, 0x00, 0x00, 0x00, 0x03, 0x00, 0x00, 0x00,
    0x80, 0x17, 0x00, 0x00, 0x00, 0x00, 0x00, 0x00, 0x00, 0x00, 0x00, 0x00, 0xFF, 0xFF, 0x00, 0x00,
    0x32, 0x75, 0x00, 0x00, 0x00, 0x00, 0x00, 0x00, 0x00, 0x00, 0x00, 0x00, 0x03, 0x00, 0x00, 0x00,
    0x6C, 0x17, 0x00, 0x00, 0x00, 0x00, 0x00, 0x00, 0x00, 0x00, 0x00, 0x00, 0xFF, 0xFF, 0x00, 0x00,
    0x32, 0x75, 0x00, 0x00, 0x00, 0x00, 0x00, 0x00, 0x00, 0x00, 0x00, 0x00, 0x03, 0x00, 0x00, 0x00,
    0x58, 0x17, 0x00, 0x00, 0x00, 0x00, 0x00, 0x00, 0x00, 0x00, 0x00, 0x00, 0xFF, 0xFF, 0x00, 0x00,
    0x32, 0x75, 0x00, 0x00, 0x00, 0x00, 0x00, 0x00, 0x00, 0x00, 0x00, 0x00, 0x03, 0x00, 0x00, 0x00,
    0x44, 0x17, 0x00, 0x00, 0x00, 0x00, 0x00, 0x00, 0x00, 0x00, 0x00, 0x00, 0xFF, 0xFF, 0x00, 0x00,
    0x32, 0x75, 0x00, 0x00, 0x00, 0x00, 0x00, 0x00, 0x00, 0x00, 0x00, 0x00, 0x03, 0x00, 0x00, 0x00,
    0x30, 0x17, 0x00, 0x00, 0x00, 0x00, 0x00, 0x00, 0x00, 0x00, 0x00, 0x00, 0xFF, 0xFF, 0x00, 0x00,
    0x32, 0x75, 0x00, 0x00, 0x00, 0x00, 0x00, 0x00, 0x00, 0x00, 0x00, 0x00, 0x03, 0x00, 0x00, 0x00,
    0x1C, 0x17, 0x00, 0x00, 0x00, 0x00, 0x00, 0x00, 0x00, 0x00, 0x00, 0x00, 0xFF, 0xFF, 0x00, 0x00,
    0xEF, 0x03, 0x00, 0x00, 0x01, 0x00, 0x00, 0x00, 0x10, 0x17, 0x00, 0x00, 0x00, 0x00, 0x00, 0x00,
    0x00, 0x00, 0x00, 0x00, 0x01, 0x00, 0x00, 0x00, 0x04, 0x17, 0x00, 0x00, 0xFF, 0xFF, 0x00, 0x00,
    0x01, 0x00, 0x00, 0x00, 0xFC, 0x16, 0x00, 0x00, 0xEF, 0x03, 0x00, 0x00, 0x01, 0x00, 0x00, 0x00,
    0xF4, 0x16, 0x00, 0x00, 0x00, 0x00, 0x00, 0x00, 0x00, 0x00, 0x00, 0x00, 0x01, 0x00, 0x00, 0x00,
    0xE8, 0x16, 0x00, 0x00, 0xFF, 0xFF, 0x00, 0x00, 0x01, 0x00, 0x00, 0x00, 0xE0, 0x16, 0x00, 0x00,
    0xEF, 0x03, 0x00, 0x00, 0x01, 0x00, 0x00, 0x00, 0xD8, 0x16, 0x00, 0x00, 0x00, 0x00, 0x00, 0x00,
    0x00, 0x00, 0x00, 0x00, 0x01, 0x00, 0x00, 0x00, 0xCC, 0x16, 0x00, 0x00, 0xFF, 0xFF, 0x00, 0x00,
    0x01, 0x00, 0x00, 0x00, 0xC4, 0x16, 0x00, 0x00, 0xEF, 0x03, 0x00, 0x00, 0x01, 0x00, 0x00, 0x00,
    0xBC, 0x16, 0x00, 0x00, 0x00, 0x00, 0x00, 0x00, 0x00, 0x00, 0x00, 0x00, 0x01, 0x00, 0x00, 0x00,
    0xB0, 0x16, 0x00, 0x00, 0xFF, 0xFF, 0x00, 0x00, 0x01, 0x00, 0x00, 0x00, 0xA8, 0x16, 0x00, 0x00,
    0xEF, 0x03, 0x00, 0x00, 0x01, 0x00, 0x00, 0x00, 0xA0, 0x16, 0x00, 0x00, 0x00, 0x00, 0x00, 0x00,
    0x00, 0x00, 0x00, 0x00, 0x01, 0x00, 0x00, 0x00, 0x94, 0x16, 0x00, 0x00, 0xFF, 0xFF, 0x00, 0x00,
    0x01, 0x00, 0x00, 0x00, 0x8C, 0x16, 0x00, 0x00, 0xEF, 0x03, 0x00, 0x00, 0x01, 0x00, 0x00, 0x00,
    0x84, 0x16, 0x00, 0x00, 0x00, 0x00, 0x00, 0x00, 0x00, 0x00, 0x00, 0x00, 0x01, 0x00, 0x00, 0x00,
    0x78, 0x16, 0x00, 0x00, 0xFF, 0xFF, 0x00, 0x00, 0x01, 0x00, 0x00, 0x00, 0x70, 0x16, 0x00, 0x00,
    0xEF, 0x03, 0x00, 0x00, 0x01, 0x00, 0x00, 0x00, 0x68, 0x16, 0x00, 0x00, 0x00, 0x00, 0x00, 0x00,
    0x00, 0x00, 0x00, 0x00, 0x01, 0x00, 0x00, 0x00, 0x5C, 0x16, 0x00, 0x00, 0xFF, 0xFF, 0x00, 0x00,
    0x01, 0x00, 0x00, 0x00, 0x54, 0x16, 0x00, 0x00, 0xEF, 0x03, 0x00, 0x00, 0x01, 0x00, 0x00, 0x00,
    0x4C, 0x16, 0x00, 0x00, 0x00, 0x00, 0x00, 0x00, 0x00, 0x00, 0x00, 0x00, 0x01, 0x00, 0x00, 0x00,
    0x40, 0x16, 0x00, 0x00, 0xFF, 0xFF, 0x00, 0x00, 0x01, 0x00, 0x00, 0x00, 0x38, 0x16, 0x00, 0x00,
    0x30, 0x75, 0x00, 0x00, 0x00, 0x00, 0x00, 0x00, 0x00, 0x00, 0x00, 0x00, 0x03, 0x00, 0x00, 0x00,
    0x28, 0x16, 0x00, 0x00, 0x01, 0x00, 0x00, 0x00, 0x2C, 0x16, 0x00, 0x00, 0xFF, 0xFF, 0x00, 0x00,
    0x32, 0x75, 0x00, 0x00, 0x00, 0x00, 0x00, 0x00, 0x00, 0x00, 0x00, 0x00, 0x04, 0x00, 0x00, 0x00,
    0x18, 0x16, 0x00, 0x00, 0x00, 0x00, 0x00, 0x00, 0x00, 0x00, 0x00, 0x00, 0xFF, 0xFF, 0x00, 0x00,
    0x32, 0x75, 0x00, 0x00, 0x00, 0x00, 0x00, 0x00, 0x00, 0x00, 0x00, 0x00, 0x04, 0x00, 0x00, 0x00,
    0x08, 0x16, 0x00, 0x00, 0x00, 0x00, 0x00, 0x00, 0x00, 0x00, 0x00, 0x00, 0xFF, 0xFF, 0x00, 0x00,
    0x34, 0x75, 0x00, 0x00, 0x00, 0x00, 0x00, 0x00, 0x00, 0x00, 0x00, 0x00, 0x03, 0x00, 0x00, 0x00,
    0xF8, 0x15, 0x00, 0x00, 0x00, 0x00, 0x00, 0x00, 0x00, 0x00, 0x00, 0x00, 0xFF, 0xFF, 0x00, 0x00,
    0x34, 0x75, 0x00, 0x00, 0x00, 0x00, 0x00, 0x00, 0x00, 0x00, 0x00, 0x00, 0x03, 0x00, 0x00, 0x00,
    0xE4, 0x15, 0x00, 0x00, 0x00, 0x00, 0x00, 0x00, 0x00, 0x00, 0x00, 0x00, 0xFF, 0xFF, 0x00, 0x00,
    0x32, 0x75, 0x00, 0x00, 0x00, 0x00, 0x00, 0x00, 0x00, 0x00, 0x00, 0x00, 0x04, 0x00, 0x00, 0x00,
    0xD0, 0x15, 0x00, 0x00, 0x00, 0x00, 0x00, 0x00, 0x00, 0x00, 0x00, 0x00, 0xFF, 0xFF, 0x00, 0x00,
    0x34, 0x75, 0x00, 0x00, 0x00, 0x00, 0x00, 0x00, 0x00, 0x00, 0x00, 0x00, 0x03, 0x00, 0x00, 0x00,
    0xC0, 0x15, 0x00, 0x00, 0x00, 0x00, 0x00, 0x00, 0x00, 0x00, 0x00, 0x00, 0xFF, 0xFF, 0x00, 0x00,
    0x32, 0x75, 0x00, 0x00, 0x00, 0x00, 0x00, 0x00, 0x00, 0x00, 0x00, 0x00, 0x04, 0x00, 0x00, 0x00,
    0xAC, 0x15, 0x00, 0x00, 0x00, 0x00, 0x00, 0x00, 0x00, 0x00, 0x00, 0x00, 0xFF, 0xFF, 0x00, 0x00,
    0x34, 0x75, 0x00, 0x00, 0x00, 0x00, 0x00, 0x00, 0x00, 0x00, 0x00, 0x00, 0x03, 0x00, 0x00, 0x00,
    0x9C, 0x15, 0x00, 0x00, 0x00, 0x00, 0x00, 0x00, 0x00, 0x00, 0x00, 0x00, 0xFF, 0xFF, 0x00, 0x00,
    0x32, 0x75, 0x00, 0x00, 0x00, 0x00, 0x00, 0x00, 0x00, 0x00, 0x00, 0x00, 0x04, 0x00, 0x00, 0x00,
    0x88, 0x15, 0x00, 0x00, 0x00, 0x00, 0x00, 0x00, 0x00, 0x00, 0x00, 0x00, 0xFF, 0xFF, 0x00, 0x00,
    0x30, 0x75, 0x00, 0x00, 0x00, 0x00, 0x00, 0x00, 0x00, 0x00, 0x00, 0x00, 0x03, 0x00, 0x00, 0x00,
    0x78, 0x15, 0x00, 0x00, 0x02, 0x00, 0x00, 0x00, 0x7C, 0x15, 0x00, 0x00, 0xFF, 0xFF, 0x00, 0x00,
    0x32, 0x75, 0x00, 0x00, 0x00, 0x00, 0x00, 0x00, 0x00, 0x00, 0x00, 0x00, 0x04, 0x00, 0x00, 0x00,
    0x6C, 0x15, 0x00, 0x00, 0x00, 0x00, 0x00, 0x00, 0x00, 0x00, 0x00, 0x00, 0xFF, 0xFF, 0x00, 0x00,
    0x30, 0x75, 0x00, 0x00, 0x00, 0x00, 0x00, 0x00, 0x00, 0x00, 0x00, 0x00, 0x03, 0x00, 0x00, 0x00,
    0x5C, 0x15, 0x00, 0x00, 0x02, 0x00, 0x00, 0x00, 0x60, 0x15, 0x00, 0x00, 0xFF, 0xFF, 0x00, 0x00,
    0x32, 0x75, 0x00, 0x00, 0x00, 0x00, 0x00, 0x00, 0x00, 0x00, 0x00, 0x00, 0x04, 0x00, 0x00, 0x00,
    0x50, 0x15, 0x00, 0x00, 0x00, 0x00, 0x00, 0x00, 0x00, 0x00, 0x00, 0x00, 0xFF, 0xFF, 0x00, 0x00,
    0x30, 0x75, 0x00, 0x00, 0x00, 0x00, 0x00, 0x00, 0x00, 0x00, 0x00, 0x00, 0x03, 0x00, 0x00, 0x00,
    0x40, 0x15, 0x00, 0x00, 0x02, 0x00, 0x00, 0x00, 0x44, 0x15, 0x00, 0x00, 0xFF, 0xFF, 0x00, 0x00,
    0x32, 0x75, 0x00, 0x00, 0x00, 0x00, 0x00, 0x00, 0x00, 0x00, 0x00, 0x00, 0x04, 0x00, 0x00, 0x00,
    0x34, 0x15, 0x00, 0x00, 0x00, 0x00, 0x00, 0x00, 0x00, 0x00, 0x00, 0x00, 0xFF, 0xFF, 0x00, 0x00,
    0x30, 0x75, 0x00, 0x00, 0x00, 0x00, 0x00, 0x00, 0x00, 0x00, 0x00, 0x00, 0x03, 0x00, 0x00, 0x00,
    0x24, 0x15, 0x00, 0x00, 0x02, 0x00, 0x00, 0x00, 0x28, 0x15, 0x00, 0x00, 0xFF, 0xFF, 0x00, 0x00,
    0x32, 0x75, 0x00, 0x00, 0x00, 0x00, 0x00, 0x00, 0x00, 0x00, 0x00, 0x00, 0x04, 0x00, 0x00, 0x00,
    0x18, 0x15, 0x00, 0x00, 0x00, 0x00, 0x00, 0x00, 0x00, 0x00, 0x00, 0x00, 0xFF, 0xFF, 0x00, 0x00,
    0x30, 0x75, 0x00, 0x00, 0x00, 0x00, 0x00, 0x00, 0x00, 0x00, 0x00, 0x00, 0x03, 0x00, 0x00, 0x00,
    0x08, 0x15, 0x00, 0x00, 0x02, 0x00, 0x00, 0x00, 0x0C, 0x15, 0x00, 0x00, 0xFF, 0xFF, 0x00, 0x00,
    0x32, 0x75, 0x00, 0x00, 0x00, 0x00, 0x00, 0x00, 0x00, 0x00, 0x00, 0x00, 0x04, 0x00, 0x00, 0x00,
    0xFC, 0x14, 0x00, 0x00, 0x00, 0x00, 0x00, 0x00, 0x00, 0x00, 0x00, 0x00, 0xFF, 0xFF, 0x00, 0x00,
    0x30, 0x75, 0x00, 0x00, 0x00, 0x00, 0x00, 0x00, 0x00, 0x00, 0x00, 0x00, 0x03, 0x00, 0x00, 0x00,
    0xEC, 0x14, 0x00, 0x00, 0x02, 0x00, 0x00, 0x00, 0xF0, 0x14, 0x00, 0x00, 0xFF, 0xFF, 0x00, 0x00,
    0x32, 0x75, 0x00, 0x00, 0x00, 0x00, 0x00, 0x00, 0x00, 0x00, 0x00, 0x00, 0x04, 0x00, 0x00, 0x00,
    0xE0, 0x14, 0x00, 0x00, 0x00, 0x00, 0x00, 0x00, 0x00, 0x00, 0x00, 0x00, 0xFF, 0xFF, 0x00, 0x00,
    0x30, 0x75, 0x00, 0x00, 0x00, 0x00, 0x00, 0x00, 0x00, 0x00, 0x00, 0x00, 0x03, 0x00, 0x00, 0x00,
    0xD0, 0x14, 0x00, 0x00, 0x02, 0x00, 0x00, 0x00, 0xD4, 0x14, 0x00, 0x00, 0xFF, 0xFF, 0x00, 0x00,
    0x32, 0x75, 0x00, 0x00, 0x00, 0x00, 0x00, 0x00, 0x00, 0x00, 0x00, 0x00, 0x04, 0x00, 0x00, 0x00,
    0xC4, 0x14, 0x00, 0x00, 0x00, 0x00, 0x00, 0x00, 0x00, 0x00, 0x00, 0x00, 0xFF, 0xFF, 0x00, 0x00,
    0x30, 0x75, 0x00, 0x00, 0x00, 0x00, 0x00, 0x00, 0x00, 0x00, 0x00, 0x00, 0x03, 0x00, 0x00, 0x00,
    0xB4, 0x14, 0x00, 0x00, 0x02, 0x00, 0x00, 0x00, 0xB8, 0x14, 0x00, 0x00, 0xFF, 0xFF, 0x00, 0x00,
    0x32, 0x75, 0x00, 0x00, 0x00, 0x00, 0x00, 0x00, 0x00, 0x00, 0x00, 0x00, 0x04, 0x00, 0x00, 0x00,
    0xA8, 0x14, 0x00, 0x00, 0x00, 0x00, 0x00, 0x00, 0x00, 0x00, 0x00, 0x00, 0xFF, 0xFF, 0x00, 0x00,
    0x32, 0x75, 0x00, 0x00, 0x00, 0x00, 0x00, 0x00, 0x00, 0x00, 0x00, 0x00, 0x03, 0x00, 0x00, 0x00,
    0x98, 0x14, 0x00, 0x00, 0x00, 0x00, 0x00, 0x00, 0x00, 0x00, 0x00, 0x00, 0xFF, 0xFF, 0x00, 0x00,
    0x32, 0x75, 0x00, 0x00, 0x00, 0x00, 0x00, 0x00, 0x00, 0x00, 0x00, 0x00, 0x03, 0x00, 0x00, 0x00,
    0x84, 0x14, 0x00, 0x00, 0x00, 0x00, 0x00, 0x00, 0x00, 0x00, 0x00, 0x00, 0xFF, 0xFF, 0x00, 0x00,
    0x32, 0x75, 0x00, 0x00, 0x00, 0x00, 0x00, 0x00, 0x00, 0x00, 0x00, 0x00, 0x03, 0x00, 0x00, 0x00,
    0x70, 0x14, 0x00, 0x00, 0x00, 0x00, 0x00, 0x00, 0x00, 0x00, 0x00, 0x00, 0xFF, 0xFF, 0x00, 0x00,
    0x32, 0x75, 0x00, 0x00, 0x00, 0x00, 0x00, 0x00, 0x00, 0x00, 0x00, 0x00, 0x03, 0x00, 0x00, 0x00,
    0x5C, 0x14, 0x00, 0x00, 0x00, 0x00, 0x00, 0x00, 0x00, 0x00, 0x00, 0x00, 0xFF, 0xFF, 0x00, 0x00,
    0x32, 0x75, 0x00, 0x00, 0x00, 0x00, 0x00, 0x00, 0x00, 0x00, 0x00, 0x00, 0x03, 0x00, 0x00, 0x00,
    0x48, 0x14, 0x00, 0x00, 0x00, 0x00, 0x00, 0x00, 0x00, 0x00, 0x00, 0x00, 0xFF, 0xFF, 0x00, 0x00,
    0x32, 0x75, 0x00, 0x00, 0x00, 0x00, 0x00, 0x00, 0x00, 0x00, 0x00, 0x00, 0x03, 0x00, 0x00, 0x00,
    0x34, 0x14, 0x00, 0x00, 0x00, 0x00, 0x00, 0x00, 0x00, 0x00, 0x00, 0x00, 0xFF, 0xFF, 0x00, 0x00,
    0xEF, 0x03, 0x00, 0x00, 0x01, 0x00, 0x00, 0x00, 0x28, 0x14, 0x00, 0x00, 0x00, 0x00, 0x00, 0x00,
    0x00, 0x00, 0x00, 0x00, 0x01, 0x00, 0x00, 0x00, 0x1C, 0x14, 0x00, 0x00, 0xFF, 0xFF, 0x00, 0x00,
    0x01, 0x00, 0x00, 0x00, 0x14, 0x14, 0x00, 0x00, 0xEF, 0x03, 0x00, 0x00, 0x01, 0x00, 0x00, 0x00,
    0x0C, 0x14, 0x00, 0x00, 0x00, 0x00, 0x00, 0x00, 0x00, 0x00, 0x00, 0x00, 0x01, 0x00, 0x00, 0x00,
    0x00, 0x14, 0x00, 0x00, 0xFF, 0xFF, 0x00, 0x00, 0x01, 0x00, 0x00, 0x00, 0xF8, 0x13, 0x00, 0x00,
    0xEF, 0x03, 0x00, 0x00, 0x01, 0x00, 0x00, 0x00, 0xF0, 0x13, 0x00, 0x00, 0x00, 0x00, 0x00, 0x00,
    0x00, 0x00, 0x00, 0x00, 0x01, 0x00, 0x00, 0x00, 0xE4, 0x13, 0x00, 0x00, 0xFF, 0xFF, 0x00, 0x00,
    0x01, 0x00, 0x00, 0x00, 0xDC, 0x13, 0x00, 0x00, 0xEF, 0x03, 0x00, 0x00, 0x01, 0x00, 0x00, 0x00,
    0xD4, 0x13, 0x00, 0x00, 0x00, 0x00, 0x00, 0x00, 0x00, 0x00, 0x00, 0x00, 0x01, 0x00, 0x00, 0x00,
    0xC8, 0x13, 0x00, 0x00, 0xFF, 0xFF, 0x00, 0x00, 0x01, 0x00, 0x00, 0x00, 0xC0, 0x13, 0x00, 0x00,
    0xEF, 0x03, 0x00, 0x00, 0x01, 0x00, 0x00, 0x00, 0xB8, 0x13, 0x00, 0x00, 0x00, 0x00, 0x00, 0x00,
    0x00, 0x00, 0x00, 0x00, 0x01, 0x00, 0x00, 0x00, 0xAC, 0x13, 0x00, 0x00, 0xFF, 0xFF, 0x00, 0x00,
    0x01, 0x00, 0x00, 0x00, 0xA4, 0x13, 0x00, 0x00, 0xEF, 0x03, 0x00, 0x00, 0x01, 0x00, 0x00, 0x00,
    0x9C, 0x13, 0x00, 0x00, 0x00, 0x00, 0x00, 0x00, 0x00, 0x00, 0x00, 0x00, 0x01, 0x00, 0x00, 0x00,
    0x90, 0x13, 0x00, 0x00, 0xFF, 0xFF, 0x00, 0x00, 0x01, 0x00, 0x00, 0x00, 0x88, 0x13, 0x00, 0x00,
    0xEF, 0x03, 0x00, 0x00, 0x01, 0x00, 0x00, 0x00, 0x80, 0x13, 0x00, 0x00, 0x00, 0x00, 0x00, 0x00,
    0x00, 0x00, 0x00, 0x00, 0x01, 0x00, 0x00, 0x00, 0x74, 0x13, 0x00, 0x00, 0xFF, 0xFF, 0x00, 0x00,
    0x01, 0x00, 0x00, 0x00, 0x6C, 0x13, 0x00, 0x00, 0xEF, 0x03, 0x00, 0x00, 0x01, 0x00, 0x00, 0x00,
    0x64, 0x13, 0x00, 0x00, 0x00, 0x00, 0x00, 0x00, 0x00, 0x00, 0x00, 0x00, 0x01, 0x00, 0x00, 0x00,
    0x58, 0x13, 0x00, 0x00, 0xFF, 0xFF, 0x00, 0x00, 0x01, 0x00, 0x00, 0x00, 0x50, 0x13, 0x00, 0x00,
    0x30, 0x75, 0x00, 0x00, 0x00, 0x00, 0x00, 0x00, 0x00, 0x00, 0x00, 0x00, 0x03, 0x00, 0x00, 0x00,
    0x40, 0x13, 0x00, 0x00, 0x01, 0x00, 0x00, 0x00, 0x44, 0x13, 0x00, 0x00, 0xFF, 0xFF, 0x00, 0x00,
    0x32, 0x75, 0x00, 0x00, 0x00, 0x00, 0x00, 0x00, 0x00, 0x00, 0x00, 0x00, 0x04, 0x00, 0x00, 0x00,
    0x30, 0x13, 0x00, 0x00, 0x00, 0x00, 0x00, 0x00, 0x00, 0x00, 0x00, 0x00, 0xFF, 0xFF, 0x00, 0x00,
    0x30, 0x75, 0x00, 0x00, 0x00, 0x00, 0x00, 0x00, 0x00, 0x00, 0x00, 0x00, 0x03, 0x00, 0x00, 0x00,
    0x20, 0x13, 0x00, 0x00, 0x01, 0x00, 0x00, 0x00, 0x24, 0x13, 0x00, 0x00, 0xFF, 0xFF, 0x00, 0x00,
    0x32, 0x75, 0x00, 0x00, 0x00, 0x00, 0x00, 0x00, 0x00, 0x00, 0x00, 0x00, 0x04, 0x00, 0x00, 0x00,
    0x10, 0x13, 0x00, 0x00, 0x00, 0x00, 0x00, 0x00, 0x00, 0x00, 0x00, 0x00, 0xFF, 0xFF, 0x00, 0x00,
    0x32, 0x75, 0x00, 0x00, 0x00, 0x00, 0x00, 0x00, 0x00, 0x00, 0x00, 0x00, 0x04, 0x00, 0x00, 0x00,
    0x00, 0x13, 0x00, 0x00, 0x00, 0x00, 0x00, 0x00, 0x00, 0x00, 0x00, 0x00, 0xFF, 0xFF, 0x00, 0x00,
    0x34, 0x75, 0x00, 0x00, 0x00, 0x00, 0x00, 0x00, 0x00, 0x00, 0x00, 0x00, 0x03, 0x00, 0x00, 0x00,
    0xF0, 0x12, 0x00, 0x00, 0x00, 0x00, 0x00, 0x00, 0x00, 0x00, 0x00, 0x00, 0xFF, 0xFF, 0x00, 0x00,
    0x34, 0x75, 0x00, 0x00, 0x00, 0x00, 0x00, 0x00, 0x00, 0x00, 0x00, 0x00, 0x03, 0x00, 0x00, 0x00,
    0xDC, 0x12, 0x00, 0x00, 0x00, 0x00, 0x00, 0x00, 0x00, 0x00, 0x00, 0x00, 0xFF, 0xFF, 0x00, 0x00,
    0x32, 0x75, 0x00, 0x00, 0x00, 0x00, 0x00, 0x00, 0x00, 0x00, 0x00, 0x00, 0x04, 0x00, 0x00, 0x00,
    0xC8, 0x12, 0x00, 0x00, 0x00, 0x00, 0x00, 0x00, 0x00, 0x00, 0x00, 0x00, 0xFF, 0xFF, 0x00, 0x00,
    0x30, 0x75, 0x00, 0x00, 0x00, 0x00, 0x00, 0x00, 0x00, 0x00, 0x00, 0x00, 0x03, 0x00, 0x00, 0x00,
    0xB8, 0x12, 0x00, 0x00, 0x02, 0x00, 0x00, 0x00, 0xBC, 0x12, 0x00, 0x00, 0xFF, 0xFF, 0x00, 0x00,
    0x32, 0x75, 0x00, 0x00, 0x00, 0x00, 0x00, 0x00, 0x00, 0x00, 0x00, 0x00, 0x04, 0x00, 0x00, 0x00,
    0xAC, 0x12, 0x00, 0x00, 0x00, 0x00, 0x00, 0x00, 0x00, 0x00, 0x00, 0x00, 0xFF, 0xFF, 0x00, 0x00,
    0x30, 0x75, 0x00, 0x00, 0x00, 0x00, 0x00, 0x00, 0x00, 0x00, 0x00, 0x00, 0x03, 0x00, 0x00, 0x00,
    0x9C, 0x12, 0x00, 0x00, 0x02, 0x00, 0x00, 0x00, 0xA0, 0x12, 0x00, 0x00, 0xFF, 0xFF, 0x00, 0x00,
    0x32, 0x75, 0x00, 0x00, 0x00, 0x00, 0x00, 0x00, 0x00, 0x00, 0x00, 0x00, 0x04, 0x00, 0x00, 0x00,
    0x90, 0x12, 0x00, 0x00, 0x00, 0x00, 0x00, 0x00, 0x00, 0x00, 0x00, 0x00, 0xFF, 0xFF, 0x00, 0x00,
    0x30, 0x75, 0x00, 0x00, 0x00, 0x00, 0x00, 0x00, 0x00, 0x00, 0x00, 0x00, 0x03, 0x00, 0x00, 0x00,
    0x80, 0x12, 0x00, 0x00, 0x02, 0x00, 0x00, 0x00, 0x84, 0x12, 0x00, 0x00, 0xFF, 0xFF, 0x00, 0x00,
    0x32, 0x75, 0x00, 0x00, 0x00, 0x00, 0x00, 0x00, 0x00, 0x00, 0x00, 0x00, 0x04, 0x00, 0x00, 0x00,
    0x74, 0x12, 0x00, 0x00, 0x00, 0x00, 0x00, 0x00, 0x00, 0x00, 0x00, 0x00, 0xFF, 0xFF, 0x00, 0x00,
    0x30, 0x75, 0x00, 0x00, 0x00, 0x00, 0x00, 0x00, 0x00, 0x00, 0x00, 0x00, 0x03, 0x00, 0x00, 0x00,
    0x64, 0x12, 0x00, 0x00, 0x02, 0x00, 0x00, 0x00, 0x68, 0x12, 0x00, 0x00, 0xFF, 0xFF, 0x00, 0x00,
    0x32, 0x75, 0x00, 0x00, 0x00, 0x00, 0x00, 0x00, 0x00, 0x00, 0x00, 0x00, 0x04, 0x00, 0x00, 0x00,
    0x58, 0x12, 0x00, 0x00, 0x00, 0x00, 0x00, 0x00, 0x00, 0x00, 0x00, 0x00, 0xFF, 0xFF, 0x00, 0x00,
    0x32, 0x75, 0x00, 0x00, 0x00, 0x00, 0x00, 0x00, 0x00, 0x00, 0x00, 0x00, 0x03, 0x00, 0x00, 0x00,
    0x48, 0x12, 0x00, 0x00, 0x00, 0x00, 0x00, 0x00, 0x00, 0x00, 0x00, 0x00, 0xFF, 0xFF, 0x00, 0x00,
    0x32, 0x75, 0x00, 0x00, 0x00, 0x00, 0x00, 0x00, 0x00, 0x00, 0x00, 0x00, 0x03, 0x00, 0x00, 0x00,
    0x34, 0x12, 0x00, 0x00, 0x00, 0x00, 0x00, 0x00, 0x00, 0x00, 0x00, 0x00, 0xFF, 0xFF, 0x00, 0x00,
    0x32, 0x75, 0x00, 0x00, 0x00, 0x00, 0x00, 0x00, 0x00, 0x00, 0x00, 0x00, 0x03, 0x00, 0x00, 0x00,
    0x20, 0x12, 0x00, 0x00, 0x00, 0x00, 0x00, 0x00, 0x00, 0x00, 0x00, 0x00, 0xFF, 0xFF, 0x00, 0x00,
    0x32, 0x75, 0x00, 0x00, 0x00, 0x00, 0x00, 0x00, 0x00, 0x00, 0x00, 0x00, 0x03, 0x00, 0x00, 0x00,
    0x0C, 0x12, 0x00, 0x00, 0x00, 0x00, 0x00, 0x00, 0x00, 0x00, 0x00, 0x00, 0xFF, 0xFF, 0x00, 0x00,
    0x39, 0x75, 0x00, 0x00, 0x00, 0x00, 0x00, 0x00, 0x00, 0x00, 0x00, 0x00, 0x04, 0x00, 0x00, 0x00,
    0xF8, 0x11, 0x00, 0x00, 0x02, 0x00, 0x00, 0x00, 0x00, 0x12, 0x00, 0x00, 0xFF, 0xFF, 0x00, 0x00,
    0x39, 0x75, 0x00, 0x00, 0x00, 0x00, 0x00, 0x00, 0x00, 0x00, 0x00, 0x00, 0x04, 0x00, 0x00, 0x00,
    0xF0, 0x11, 0x00, 0x00, 0x02, 0x00, 0x00, 0x00, 0xF8, 0x11, 0x00, 0x00, 0xFF, 0xFF, 0x00, 0x00,
    0xEF, 0x03, 0x00, 0x00, 0x01, 0x00, 0x00, 0x00, 0xF0, 0x11, 0x00, 0x00, 0x00, 0x00, 0x00, 0x00,
    0x00, 0x00, 0x00, 0x00, 0x01, 0x00, 0x00, 0x00, 0xE4, 0x11, 0x00, 0x00, 0xFF, 0xFF, 0x00, 0x00,
    0x01, 0x00, 0x00, 0x00, 0xDC, 0x11, 0x00, 0x00, 0xEF, 0x03, 0x00, 0x00, 0x01, 0x00, 0x00, 0x00,
    0xD4, 0x11, 0x00, 0x00, 0x00, 0x00, 0x00, 0x00, 0x00, 0x00, 0x00, 0x00, 0x01, 0x00, 0x00, 0x00,
    0xC8, 0x11, 0x00, 0x00, 0xFF, 0xFF, 0x00, 0x00, 0x01, 0x00, 0x00, 0x00, 0xC0, 0x11, 0x00, 0x00,
    0xEF, 0x03, 0x00, 0x00, 0x01, 0x00, 0x00, 0x00, 0xB8, 0x11, 0x00, 0x00, 0x00, 0x00, 0x00, 0x00,
    0x00, 0x00, 0x00, 0x00, 0x01, 0x00, 0x00, 0x00, 0xAC, 0x11, 0x00, 0x00, 0xFF, 0xFF, 0x00, 0x00,
    0x01, 0x00, 0x00, 0x00, 0xA4, 0x11, 0x00, 0x00, 0xEF, 0x03, 0x00, 0x00, 0x01, 0x00, 0x00, 0x00,
    0x9C, 0x11, 0x00, 0x00, 0x00, 0x00, 0x00, 0x00, 0x00, 0x00, 0x00, 0x00, 0x01, 0x00, 0x00, 0x00,
    0x90, 0x11, 0x00, 0x00, 0xFF, 0xFF, 0x00, 0x00, 0x01, 0x00, 0x00, 0x00, 0x88, 0x11, 0x00, 0x00,
    0xEF, 0x03, 0x00, 0x00, 0x01, 0x00, 0x00, 0x00, 0x80, 0x11, 0x00, 0x00, 0x00, 0x00, 0x00, 0x00,
    0x00, 0x00, 0x00, 0x00, 0x01, 0x00, 0x00, 0x00, 0x74, 0x11, 0x00, 0x00, 0xFF, 0xFF, 0x00, 0x00,
    0x01, 0x00, 0x00, 0x00, 0x6C, 0x11, 0x00, 0x00, 0xEF, 0x03, 0x00, 0x00, 0x01, 0x00, 0x00, 0x00,
    0x64, 0x11, 0x00, 0x00, 0x00, 0x00, 0x00, 0x00, 0x00, 0x00, 0x00, 0x00, 0x01, 0x00, 0x00, 0x00,
    0x58, 0x11, 0x00, 0x00, 0xFF, 0xFF, 0x00, 0x00, 0x01, 0x00, 0x00, 0x00, 0x50, 0x11, 0x00, 0x00,
    0xEF, 0x03, 0x00, 0x00, 0x01, 0x00, 0x00, 0x00, 0x48, 0x11, 0x00, 0x00, 0x00, 0x00, 0x00, 0x00,
    0x00, 0x00, 0x00, 0x00, 0x01, 0x00, 0x00, 0x00, 0x3C, 0x11, 0x00, 0x00, 0xFF, 0xFF, 0x00, 0x00,
    0x01, 0x00, 0x00, 0x00, 0x34, 0x11, 0x00, 0x00, 0xEF, 0x03, 0x00, 0x00, 0x01, 0x00, 0x00, 0x00,
    0x2C, 0x11, 0x00, 0x00, 0x00, 0x00, 0x00, 0x00, 0x00, 0x00, 0x00, 0x00, 0x01, 0x00, 0x00, 0x00,
    0x20, 0x11, 0x00, 0x00, 0xFF, 0xFF, 0x00, 0x00, 0x01, 0x00, 0x00, 0x00, 0x18, 0x11, 0x00, 0x00,
    0x30, 0x75, 0x00, 0x00, 0x00, 0x00, 0x00, 0x00, 0x00, 0x00, 0x00, 0x00, 0x03, 0x00, 0x00, 0x00,
    0x08, 0x11, 0x00, 0x00, 0x01, 0x00, 0x00, 0x00, 0x0C, 0x11, 0x00, 0x00, 0xFF, 0xFF, 0x00, 0x00,
    0x32, 0x75, 0x00, 0x00, 0x00, 0x00, 0x00, 0x00, 0x00, 0x00, 0x00, 0x00, 0x04, 0x00, 0x00, 0x00,
    0xF8, 0x10, 0x00, 0x00, 0x00, 0x00, 0x00, 0x00, 0x00, 0x00, 0x00, 0x00, 0xFF, 0xFF, 0x00, 0x00,
    0x30, 0x75, 0x00, 0x00, 0x00, 0x00, 0x00, 0x00, 0x00, 0x00, 0x00, 0x00, 0x03, 0x00, 0x00, 0x00,
    0xE8, 0x10, 0x00, 0x00, 0x01, 0x00, 0x00, 0x00, 0xEC, 0x10, 0x00, 0x00, 0xFF, 0xFF, 0x00, 0x00,
    0x32, 0x75, 0x00, 0x00, 0x00, 0x00, 0x00, 0x00, 0x00, 0x00, 0x00, 0x00, 0x04, 0x00, 0x00, 0x00,
    0xD8, 0x10, 0x00, 0x00, 0x00, 0x00, 0x00, 0x00, 0x00, 0x00, 0x00, 0x00, 0xFF, 0xFF, 0x00, 0x00,
    0x32, 0x75, 0x00, 0x00, 0x00, 0x00, 0x00, 0x00, 0x00, 0x00, 0x00, 0x00, 0x04, 0x00, 0x00, 0x00,
    0xC8, 0x10, 0x00, 0x00, 0x00, 0x00, 0x00, 0x00, 0x00, 0x00, 0x00, 0x00, 0xFF, 0xFF, 0x00, 0x00,
    0x34, 0x75, 0x00, 0x00, 0x00, 0x00, 0x00, 0x00, 0x00, 0x00, 0x00, 0x00, 0x03, 0x00, 0x00, 0x00,
    0xB8, 0x10, 0x00, 0x00, 0x00, 0x00, 0x00, 0x00, 0x00, 0x00, 0x00, 0x00, 0xFF, 0xFF, 0x00, 0x00,
    0x30, 0x75, 0x00, 0x00, 0x00, 0x00, 0x00, 0x00, 0x00, 0x00, 0x00, 0x00, 0x03, 0x00, 0x00, 0x00,
    0xA4, 0x10, 0x00, 0x00, 0x02, 0x00, 0x00, 0x00, 0xA8, 0x10, 0x00, 0x00, 0xFF, 0xFF, 0x00, 0x00,
    0x32, 0x75, 0x00, 0x00, 0x00, 0x00, 0x00, 0x00, 0x00, 0x00, 0x00, 0x00, 0x04, 0x00, 0x00, 0x00,
    0x98, 0x10, 0x00, 0x00, 0x00, 0x00, 0x00, 0x00, 0x00, 0x00, 0x00, 0x00, 0xFF, 0xFF, 0x00, 0x00,
    0x30, 0x75, 0x00, 0x00, 0x00, 0x00, 0x00, 0x00, 0x00, 0x00, 0x00, 0x00, 0x03, 0x00, 0x00, 0x00,
    0x88, 0x10, 0x00, 0x00, 0x02, 0x00, 0x00, 0x00, 0x8C, 0x10, 0x00, 0x00, 0xFF, 0xFF, 0x00, 0x00,
    0x32, 0x75, 0x00, 0x00, 0x00, 0x00, 0x00, 0x00, 0x00, 0x00, 0x00, 0x00, 0x04, 0x00, 0x00, 0x00,
    0x7C, 0x10, 0x00, 0x00, 0x00, 0x00, 0x00, 0x00, 0x00, 0x00, 0x00, 0x00, 0xFF, 0xFF, 0x00, 0x00,
    0x32, 0x75, 0x00, 0x00, 0x00, 0x00, 0x00, 0x00, 0x00, 0x00, 0x00, 0x00, 0x03, 0x00, 0x00, 0x00,
    0x6C, 0x10, 0x00, 0x00, 0x00, 0x00, 0x00, 0x00, 0x00, 0x00, 0x00, 0x00, 0xFF, 0xFF, 0x00, 0x00,
    0x32, 0x75, 0x00, 0x00, 0x00, 0x00, 0x00, 0x00, 0x00, 0x00, 0x00, 0x00, 0x03, 0x00, 0x00, 0x00,
    0x58, 0x10, 0x00, 0x00, 0x00, 0x00, 0x00, 0x00, 0x00, 0x00, 0x00, 0x00, 0xFF, 0xFF, 0x00, 0x00,
    0x32, 0x75, 0x00, 0x00, 0x00, 0x00, 0x00, 0x00, 0x00, 0x00, 0x00, 0x00, 0x03, 0x00, 0x00, 0x00,
    0x44, 0x10, 0x00, 0x00, 0x00, 0x00, 0x00, 0x00, 0x00, 0x00, 0x00, 0x00, 0xFF, 0xFF, 0x00, 0x00,
    0x32, 0x75, 0x00, 0x00, 0x00, 0x00, 0x00, 0x00, 0x00, 0x00, 0x00, 0x00, 0x03, 0x00, 0x00, 0x00,
    0x30, 0x10, 0x00, 0x00, 0x00, 0x00, 0x00, 0x00, 0x00, 0x00, 0x00, 0x00, 0xFF, 0xFF, 0x00, 0x00,
    0x39, 0x75, 0x00, 0x00, 0x00, 0x00, 0x00, 0x00, 0x00, 0x00, 0x00, 0x00, 0x04, 0x00, 0x00, 0x00,
    0x1C, 0x10, 0x00, 0x00, 0x02, 0x00, 0x00, 0x00, 0x24, 0x10, 0x00, 0x00, 0xFF, 0xFF, 0x00, 0x00,
    0x39, 0x75, 0x00, 0x00, 0x00, 0x00, 0x00, 0x00, 0x00, 0x00, 0x00, 0x00, 0x04, 0x00, 0x00, 0x00,
    0x14, 0x10, 0x00, 0x00, 0x02, 0x00, 0x00, 0x00, 0x1C, 0x10, 0x00, 0x00, 0xFF, 0xFF, 0x00, 0x00,
    0x39, 0x75, 0x00, 0x00, 0x00, 0x00, 0x00, 0x00, 0x00, 0x00, 0x00, 0x00, 0x04, 0x00, 0x00, 0x00,
    0x0C, 0x10, 0x00, 0x00, 0x02, 0x00, 0x00, 0x00, 0x14, 0x10, 0x00, 0x00, 0xFF, 0xFF, 0x00, 0x00,
    0x30, 0x75, 0x00, 0x00, 0x00, 0x00, 0x00, 0x00, 0x00, 0x00, 0x00, 0x00, 0x03, 0x00, 0x00, 0x00,
    0x04, 0x10, 0x00, 0x00, 0x01, 0x00, 0x00, 0x00, 0x08, 0x10, 0x00, 0x00, 0xFF, 0xFF, 0x00, 0x00,
    0x32, 0x75, 0x00, 0x00, 0x00, 0x00, 0x00, 0x00, 0x00, 0x00, 0x00, 0x00, 0x04, 0x00, 0x00, 0x00,
    0xF4, 0x0F, 0x00, 0x00, 0x00, 0x00, 0x00, 0x00, 0x00, 0x00, 0x00, 0x00, 0xFF, 0xFF, 0x00, 0x00,
    0x30, 0x75, 0x00, 0x00, 0x00, 0x00, 0x00, 0x00, 0x00, 0x00, 0x00, 0x00, 0x03, 0x00, 0x00, 0x00,
    0xE4, 0x0F, 0x00, 0x00, 0x01, 0x00, 0x00, 0x00, 0xE8, 0x0F, 0x00, 0x00, 0xFF, 0xFF, 0x00, 0x00,
    0x32, 0x75, 0x00, 0x00, 0x00, 0x00, 0x00, 0x00, 0x00, 0x00, 0x00, 0x00, 0x04, 0x00, 0x00, 0x00,
    0xD4, 0x0F, 0x00, 0x00, 0x00, 0x00, 0x00, 0x00, 0x00, 0x00, 0x00, 0x00, 0xFF, 0xFF, 0x00, 0x00,
    0x30, 0x75, 0x00, 0x00, 0x00, 0x00, 0x00, 0x00, 0x00, 0x00, 0x00, 0x00, 0x03, 0x00, 0x00, 0x00,
    0xC4, 0x0F, 0x00, 0x00, 0x00, 0x00, 0x00, 0x00, 0x00, 0x00, 0x00, 0x00, 0xFF, 0xFF, 0x00, 0x00,
    0x32, 0x75, 0x00, 0x00, 0x00, 0x00, 0x00, 0x00, 0x00, 0x00, 0x00, 0x00, 0x04, 0x00, 0x00, 0x00,
    0xB0, 0x0F, 0x00, 0x00, 0x00, 0x00, 0x00, 0x00, 0x00, 0x00, 0x00, 0x00, 0xFF, 0xFF, 0x00, 0x00,
    0x32, 0x75, 0x00, 0x00, 0x00, 0x00, 0x00, 0x00, 0x00, 0x00, 0x00, 0x00, 0x03, 0x00, 0x00, 0x00,
    0xA0, 0x0F, 0x00, 0x00, 0x00, 0x00, 0x00, 0x00, 0x00, 0x00, 0x00, 0x00, 0xFF, 0xFF, 0x00, 0x00,
    0x32, 0x75, 0x00, 0x00, 0x00, 0x00, 0x00, 0x00, 0x00, 0x00, 0x00, 0x00, 0x03, 0x00, 0x00, 0x00,
    0x8C, 0x0F, 0x00, 0x00, 0x00, 0x00, 0x00, 0x00, 0x00, 0x00, 0x00, 0x00, 0xFF, 0xFF, 0x00, 0x00,
    0x32, 0x75, 0x00, 0x00, 0x00, 0x00, 0x00, 0x00, 0x00, 0x00, 0x00, 0x00, 0x03, 0x00, 0x00, 0x00,
    0x78, 0x0F, 0x00, 0x00, 0x00, 0x00, 0x00, 0x00, 0x00, 0x00, 0x00, 0x00, 0xFF, 0xFF, 0x00, 0x00,
    0x32, 0x75, 0x00, 0x00, 0x00, 0x00, 0x00, 0x00, 0x00, 0x00, 0x00, 0x00, 0x03, 0x00, 0x00, 0x00,
    0x64, 0x0F, 0x00, 0x00, 0x00, 0x00, 0x00, 0x00, 0x00, 0x00, 0x00, 0x00, 0xFF, 0xFF, 0x00, 0x00,
    0x32, 0x75, 0x00, 0x00, 0x00, 0x00, 0x00, 0x00, 0x00, 0x00, 0x00, 0x00, 0x03, 0x00, 0x00, 0x00,
    0x50, 0x0F, 0x00, 0x00, 0x00, 0x00, 0x00, 0x00, 0x00, 0x00, 0x00, 0x00, 0xFF, 0xFF, 0x00, 0x00,
    0x32, 0x75, 0x00, 0x00, 0x00, 0x00, 0x00, 0x00, 0x00, 0x00, 0x00, 0x00, 0x03, 0x00, 0x00, 0x00,
    0x3C, 0x0F, 0x00, 0x00, 0x00, 0x00, 0x00, 0x00, 0x00, 0x00, 0x00, 0x00, 0xFF, 0xFF, 0x00, 0x00,
    0xEF, 0x03, 0x00, 0x00, 0x01, 0x00, 0x00, 0x00, 0x30, 0x0F, 0x00, 0x00, 0x00, 0x00, 0x00, 0x00,
    0x00, 0x00, 0x00, 0x00, 0x01, 0x00, 0x00, 0x00, 0x24, 0x0F, 0x00, 0x00, 0xFF, 0xFF, 0x00, 0x00,
    0x01, 0x00, 0x00, 0x00, 0x1C, 0x0F, 0x00, 0x00, 0xEF, 0x03, 0x00, 0x00, 0x01, 0x00, 0x00, 0x00,
    0x14, 0x0F, 0x00, 0x00, 0x00, 0x00, 0x00, 0x00, 0x00, 0x00, 0x00, 0x00, 0x01, 0x00, 0x00, 0x00,
    0x08, 0x0F, 0x00, 0x00, 0xFF, 0xFF, 0x00, 0x00, 0x01, 0x00, 0x00, 0x00, 0x00, 0x0F, 0x00, 0x00,
    0xF5, 0x03, 0x00, 0x00, 0x01, 0x00, 0x00, 0x00, 0xF8, 0x0E, 0x00, 0x00, 0x00, 0x00, 0x00, 0x00,
    0x00, 0x00, 0x00, 0x00, 0x01, 0x00, 0x00, 0x00, 0xEC, 0x0E, 0x00, 0x00, 0xFF, 0xFF, 0x00, 0x00,
    0x1B, 0x00, 0x00, 0x00, 0x14, 0x04, 0x00, 0x00, 0x01, 0x00, 0x00, 0x00, 0xDC, 0x0E, 0x00, 0x00,
    0x00, 0x00, 0x00, 0x00, 0x00, 0x00, 0x00, 0x00, 0x01, 0x00, 0x00, 0x00, 0xD0, 0x0E, 0x00, 0x00,
    0xFF, 0xFF, 0x00, 0x00, 0x01, 0x00, 0x00, 0x00, 0xC8, 0x0E, 0x00, 0x00, 0xEF, 0x03, 0x00, 0x00,
    0x01, 0x00, 0x00, 0x00, 0xC0, 0x0E, 0x00, 0x00, 0x00, 0x00, 0x00, 0x00, 0x00, 0x00, 0x00, 0x00,
    0x01, 0x00, 0x00, 0x00, 0xB4, 0x0E, 0x00, 0x00, 0xFF, 0xFF, 0x00, 0x00, 0x01, 0x00, 0x00, 0x00,
    0xAC, 0x0E, 0x00, 0x00, 0xEF, 0x03, 0x00, 0x00, 0x01, 0x00, 0x00, 0x00, 0xA4, 0x0E, 0x00, 0x00,
    0x00, 0x00, 0x00, 0x00, 0x00, 0x00, 0x00, 0x00, 0x01, 0x00, 0x00, 0x00, 0x98, 0x0E, 0x00, 0x00,
    0xFF, 0xFF, 0x00, 0x00, 0x01, 0x00, 0x00, 0x00, 0x90, 0x0E, 0x00, 0x00, 0xEF, 0x03, 0x00, 0x00,
    0x01, 0x00, 0x00, 0x00, 0x88, 0x0E, 0x00, 0x00, 0x00, 0x00, 0x00, 0x00, 0x00, 0x00, 0x00, 0x00,
    0x01, 0x00, 0x00, 0x00, 0x7C, 0x0E, 0x00, 0x00, 0xFF, 0xFF, 0x00, 0x00, 0x01, 0x00, 0x00, 0x00,
    0x74, 0x0E, 0x00, 0x00, 0xEF, 0x03, 0x00, 0x00, 0x01, 0x00, 0x00, 0x00, 0x6C, 0x0E, 0x00, 0x00,
    0x00, 0x00, 0x00, 0x00, 0x00, 0x00, 0x00, 0x00, 0x01, 0x00, 0x00, 0x00, 0x60, 0x0E, 0x00, 0x00,
    0xFF, 0xFF, 0x00, 0x00, 0x01, 0x00, 0x00, 0x00, 0x58, 0x0E, 0x00, 0x00, 0xEF, 0x03, 0x00, 0x00,
    0x01, 0x00, 0x00, 0x00, 0x50, 0x0E, 0x00, 0x00, 0x00, 0x00, 0x00, 0x00, 0x00, 0x00, 0x00, 0x00,
    0x01, 0x00, 0x00, 0x00, 0x44, 0x0E, 0x00, 0x00, 0xFF, 0xFF, 0x00, 0x00, 0x01, 0x00, 0x00, 0x00,
    0x3C, 0x0E, 0x00, 0x00, 0xEF, 0x03, 0x00, 0x00, 0x01, 0x00, 0x00, 0x00, 0x34, 0x0E, 0x00, 0x00,
    0x00, 0x00, 0x00, 0x00, 0x00, 0x00, 0x00, 0x00, 0x01, 0x00, 0x00, 0x00, 0x28, 0x0E, 0x00, 0x00,
    0xFF, 0xFF, 0x00, 0x00, 0x01, 0x00, 0x00, 0x00, 0x20, 0x0E, 0x00, 0x00, 0x30, 0x75, 0x00, 0x00,
    0x00, 0x00, 0x00, 0x00, 0x00, 0x00, 0x00, 0x00, 0x03, 0x00, 0x00, 0x00, 0x10, 0x0E, 0x00, 0x00,
    0x01, 0x00, 0x00, 0x00, 0x14, 0x0E, 0x00, 0x00, 0xFF, 0xFF, 0x00, 0x00, 0x32, 0x75, 0x00, 0x00,
    0x00, 0x00, 0x00, 0x00, 0x00, 0x00, 0x00, 0x00, 0x04, 0x00, 0x00, 0x00, 0x00, 0x0E, 0x00, 0x00,
    0x00, 0x00, 0x00, 0x00, 0x00, 0x00, 0x00, 0x00, 0xFF, 0xFF, 0x00, 0x00, 0x14, 0x04, 0x00, 0x00,
    0x01, 0x00, 0x00, 0x00, 0xF8, 0x0D, 0x00, 0x00, 0x00, 0x00, 0x00, 0x00, 0x00, 0x00, 0x00, 0x00,
    0x01, 0x00, 0x00, 0x00, 0xEC, 0x0D, 0x00, 0x00, 0xFF, 0xFF, 0x00, 0x00, 0x01, 0x00, 0x00, 0x00,
    0xE4, 0x0D, 0x00, 0x00, 0xE4, 0x0D, 0x00, 0x00, 0xE4, 0x0D, 0x00, 0x00, 0xE4, 0x0D, 0x00, 0x00,
    0xE4, 0x0D, 0x00, 0x00, 0xEC, 0x0D, 0x00, 0x00, 0xF4, 0x0D, 0x00, 0x00, 0xF4, 0x0D, 0x00, 0x00,
    0xF4, 0x0D, 0x00, 0x00, 0xF4, 0x0D, 0x00, 0x00, 0xFC, 0x0D, 0x00, 0x00, 0xFC, 0x0D, 0x00, 0x00,
    0xFC, 0x0D, 0x00, 0x00, 0xFC, 0x0D, 0x00, 0x00, 0xFC, 0x0D, 0x00, 0x00, 0xFC, 0x0D, 0x00, 0x00,
    0xFC, 0x0D, 0x00, 0x00, 0xFC, 0x0D, 0x00, 0x00, 0xFC, 0x0D, 0x00, 0x00, 0xFC, 0x0D, 0x00, 0x00,
    0xFC, 0x0D, 0x00, 0x00, 0xFC, 0x0D, 0x00, 0x00, 0x04, 0x0E, 0x00, 0x00, 0x0C, 0x0E, 0x00, 0x00,
    0x0C, 0x0E, 0x00, 0x00, 0x0C, 0x0E, 0x00, 0x00, 0x0C, 0x0E, 0x00, 0x00, 0x0C, 0x0E, 0x00, 0x00,
    0x0C, 0x0E, 0x00, 0x00, 0x0C, 0x0E, 0x00, 0x00, 0x0C, 0x0E, 0x00, 0x00, 0x0C, 0x0E, 0x00, 0x00,
    0x0C, 0x0E, 0x00, 0x00, 0x0C, 0x0E, 0x00, 0x00, 0x0C, 0x0E, 0x00, 0x00, 0x14, 0x0E, 0x00, 0x00,
    0x1C, 0x0E, 0x00, 0x00, 0x1C, 0x0E, 0x00, 0x00, 0x1C, 0x0E, 0x00, 0x00, 0x1C, 0x0E, 0x00, 0x00,
    0x1C, 0x0E, 0x00, 0x00, 0x1C, 0x0E, 0x00, 0x00, 0x1C, 0x0E, 0x00, 0x00, 0x1C, 0x0E, 0x00, 0x00,
    0x1C, 0x0E, 0x00, 0x00, 0x1C, 0x0E, 0x00, 0x00, 0x1C, 0x0E, 0x00, 0x00, 0x1C, 0x0E, 0x00, 0x00,
    0x24, 0x0E, 0x00, 0x00, 0x2C, 0x0E, 0x00, 0x00, 0x2C, 0x0E, 0x00, 0x00, 0x2C, 0x0E, 0x00, 0x00,
    0x2C, 0x0E, 0x00, 0x00, 0x2C, 0x0E, 0x00, 0x00, 0x2C, 0x0E, 0x00, 0x00, 0x2C, 0x0E, 0x00, 0x00,
    0x2C, 0x0E, 0x00, 0x00, 0x2C, 0x0E, 0x00, 0x00, 0x2C, 0x0E, 0x00, 0x00, 0x2C, 0x0E, 0x00, 0x00,
    0x2C, 0x0E, 0x00, 0x00, 0x34, 0x0E, 0x00, 0x00, 0x34, 0x0E, 0x00, 0x00, 0x34, 0x0E, 0x00, 0x00,
    0x34, 0x0E, 0x00, 0x00, 0x34, 0x0E, 0x00, 0x00, 0x34, 0x0E, 0x00, 0x00, 0x34, 0x0E, 0x00, 0x00,
    0x3C, 0x0E, 0x00, 0x00, 0x3C, 0x0E, 0x00, 0x00, 0x3C, 0x0E, 0x00, 0x00, 0x3C, 0x0E, 0x00, 0x00,
    0x3C, 0x0E, 0x00, 0x00, 0x3C, 0x0E, 0x00, 0x00, 0x3C, 0x0E, 0x00, 0x00, 0x44, 0x0E, 0x00, 0x00,
    0x44, 0x0E, 0x00, 0x00, 0x44, 0x0E, 0x00, 0x00, 0x44, 0x0E, 0x00, 0x00, 0x44, 0x0E, 0x00, 0x00,
    0x44, 0x0E, 0x00, 0x00, 0x44, 0x0E, 0x00, 0x00, 0x44, 0x0E, 0x00, 0x00, 0x44, 0x0E, 0x00, 0x00,
    0x44, 0x0E, 0x00, 0x00, 0x44, 0x0E, 0x00, 0x00, 0x44, 0x0E, 0x00, 0x00, 0x44, 0x0E, 0x00, 0x00,
    0x44, 0x0E, 0x00, 0x00, 0x48, 0x0E, 0x00, 0x00, 0x48, 0x0E, 0x00, 0x00, 0x48, 0x0E, 0x00, 0x00,
    0x48, 0x0E, 0x00, 0x00, 0x48, 0x0E, 0x00, 0x00, 0x48, 0x0E, 0x00, 0x00, 0x48, 0x0E, 0x00, 0x00,
    0x4C, 0x0E, 0x00, 0x00, 0x4C, 0x0E, 0x00, 0x00, 0x4C, 0x0E, 0x00, 0x00, 0x01, 0x00, 0x00, 0x00,
    0x48, 0x0E, 0x00, 0x00, 0x50, 0x0E, 0x00, 0x00, 0x00, 0x00, 0x00, 0x00, 0x54, 0x0E, 0x00, 0x00,
    0x5C, 0x0E, 0x00, 0x00, 0x5C, 0x0E, 0x00, 0x00, 0x5C, 0x0E, 0x00, 0x00, 0x5C, 0x0E, 0x00, 0x00,
    0x64, 0x0E, 0x00, 0x00, 0x64, 0x0E, 0x00, 0x00, 0x64, 0x0E, 0x00, 0x00, 0x64, 0x0E, 0x00, 0x00,
    0x64, 0x0E, 0x00, 0x00, 0x64, 0x0E, 0x00, 0x00, 0x64, 0x0E, 0x00, 0x00, 0x64, 0x0E, 0x00, 0x00,
    0x64, 0x0E, 0x00, 0x00, 0x64, 0x0E, 0x00, 0x00, 0x64, 0x0E, 0x00, 0x00, 0x64, 0x0E, 0x00, 0x00,
    0x64, 0x0E, 0x00, 0x00, 0x64, 0x0E, 0x00, 0x00, 0x64, 0x0E, 0x00, 0x00, 0x64, 0x0E, 0x00, 0x00,
    0x64, 0x0E, 0x00, 0x00, 0x64, 0x0E, 0x00, 0x00, 0x64, 0x0E, 0x00, 0x00, 0x64, 0x0E, 0x00, 0x00,
    0x6C, 0x0E, 0x00, 0x00, 0x6C, 0x0E, 0x00, 0x00, 0x6C, 0x0E, 0x00, 0x00, 0x6C, 0x0E, 0x00, 0x00,
    0x01, 0x00, 0x00, 0x00, 0x68, 0x0E, 0x00, 0x00, 0x70, 0x0E, 0x00, 0x00, 0x00, 0x00, 0x00, 0x00,
    0x74, 0x0E, 0x00, 0x00, 0x7C, 0x0E, 0x00, 0x00, 0x7C, 0x0E, 0x00, 0x00, 0x7C, 0x0E, 0x00, 0x00,
    0x7C, 0x0E, 0x00, 0x00, 0x84, 0x0E, 0x00, 0x00, 0x84, 0x0E, 0x00, 0x00, 0x84, 0x0E, 0x00, 0x00,
    0x84, 0x0E, 0x00, 0x00, 0x8C, 0x0E, 0x00, 0x00, 0x8C, 0x0E, 0x00, 0x00, 0x8C, 0x0E, 0x00, 0x00,
    0x8C, 0x0E, 0x00, 0x00, 0x8C, 0x0E, 0x00, 0x00, 0x8C, 0x0E, 0x00, 0x00, 0x8C, 0x0E, 0x00, 0x00,
    0x8C, 0x0E, 0x00, 0x00, 0x94, 0x0E, 0x00, 0x00, 0x94, 0x0E, 0x00, 0x00, 0x94, 0x0E, 0x00, 0x00,
    0x94, 0x0E, 0x00, 0x00, 0x94, 0x0E, 0x00, 0x00, 0x94, 0x0E, 0x00, 0x00, 0x94, 0x0E, 0x00, 0x00,
    0x94, 0x0E, 0x00, 0x00, 0x9C, 0x0E, 0x00, 0x00, 0x9C, 0x0E, 0x00, 0x00, 0x9C, 0x0E, 0x00, 0x00,
    0x9C, 0x0E, 0x00, 0x00, 0x9C, 0x0E, 0x00, 0x00, 0x9C, 0x0E, 0x00, 0x00, 0x9C, 0x0E, 0x00, 0x00,
    0x9C, 0x0E, 0x00, 0x00, 0x9C, 0x0E, 0x00, 0x00, 0x9C, 0x0E, 0x00, 0x00, 0x9C, 0x0E, 0x00, 0x00,
    0x9C, 0x0E, 0x00, 0x00, 0x9C, 0x0E, 0x00, 0x00, 0x9C, 0x0E, 0x00, 0x00, 0x9C, 0x0E, 0x00, 0x00,
    0x9C, 0x0E, 0x00, 0x00, 0x9C, 0x0E, 0x00, 0x00, 0x9C, 0x0E, 0x00, 0x00, 0x9C, 0x0E, 0x00, 0x00,
    0x9C, 0x0E, 0x00, 0x00, 0x9C, 0x0E, 0x00, 0x00, 0x9C, 0x0E, 0x00, 0x00, 0x9C, 0x0E, 0x00, 0x00,
    0x9C, 0x0E, 0x00, 0x00, 0x9C, 0x0E, 0x00, 0x00, 0x9C, 0x0E, 0x00, 0x00, 0x9C, 0x0E, 0x00, 0x00,
    0x9C, 0x0E, 0x00, 0x00, 0x9C, 0x0E, 0x00, 0x00, 0x9C, 0x0E, 0x00, 0x00, 0x9C, 0x0E, 0x00, 0x00,
    0x9C, 0x0E, 0x00, 0x00, 0x9C, 0x0E, 0x00, 0x00, 0x9C, 0x0E, 0x00, 0x00, 0x9C, 0x0E, 0x00, 0x00,
    0x9C, 0x0E, 0x00, 0x00, 0x9C, 0x0E, 0x00, 0x00, 0x9C, 0x0E, 0x00, 0x00, 0x9C, 0x0E, 0x00, 0x00,
    0x9C, 0x0E, 0x00, 0x00, 0x9C, 0x0E, 0x00, 0x00, 0x9C, 0x0E, 0x00, 0x00, 0x9C, 0x0E, 0x00, 0x00,
    0x9C, 0x0E, 0x00, 0x00, 0x9C, 0x0E, 0x00, 0x00, 0x01, 0x00, 0x00, 0x00, 0x98, 0x0E, 0x00, 0x00,
    0xA0, 0x0E, 0x00, 0x00, 0x00, 0x00, 0x00, 0x00, 0xA4, 0x0E, 0x00, 0x00, 0xAC, 0x0E, 0x00, 0x00,
    0xAC, 0x0E, 0x00, 0x00, 0xAC, 0x0E, 0x00, 0x00, 0xAC, 0x0E, 0x00, 0x00, 0xB4, 0x0E, 0x00, 0x00,
    0xBC, 0x0E, 0x00, 0x00, 0xBC, 0x0E, 0x00, 0x00, 0xBC, 0x0E, 0x00, 0x00, 0xBC, 0x0E, 0x00, 0x00,
    0xC4, 0x0E, 0x00, 0x00, 0xC4, 0x0E, 0x00, 0x00, 0xC4, 0x0E, 0x00, 0x00, 0xC4, 0x0E, 0x00, 0x00,
    0xC4, 0x0E, 0x00, 0x00, 0xC4, 0x0E, 0x00, 0x00, 0xC4, 0x0E, 0x00, 0x00, 0xC4, 0x0E, 0x00, 0x00,
    0xCC, 0x0E, 0x00, 0x00, 0xD4, 0x0E, 0x00, 0x00, 0xD4, 0x0E, 0x00, 0x00, 0xD4, 0x0E, 0x00, 0x00,
    0xD4, 0x0E, 0x00, 0x00, 0xD4, 0x0E, 0x00, 0x00, 0xD4, 0x0E, 0x00, 0x00, 0xD4, 0x0E, 0x00, 0x00,
    0xD4, 0x0E, 0x00, 0x00, 0xD4, 0x0E, 0x00, 0x00, 0xD4, 0x0E, 0x00, 0x00, 0xD4, 0x0E, 0x00, 0x00,
    0xDC, 0x0E, 0x00, 0x00, 0xDC, 0x0E, 0x00, 0x00, 0xDC, 0x0E, 0x00, 0x00, 0xDC, 0x0E, 0x00, 0x00,
    0x01, 0x00, 0x00, 0x00, 0xD8, 0x0E, 0x00, 0x00, 0xE0, 0x0E, 0x00, 0x00, 0x00, 0x00, 0x00, 0x00,
    0xE4, 0x0E, 0x00, 0x00, 0xEC, 0x0E, 0x00, 0x00, 0xEC, 0x0E, 0x00, 0x00, 0xEC, 0x0E, 0x00, 0x00,
    0xEC, 0x0E, 0x00, 0x00, 0xF4, 0x0E, 0x00, 0x00, 0xF4, 0x0E, 0x00, 0x00, 0xF4, 0x0E, 0x00, 0x00,
    0xF4, 0x0E, 0x00, 0x00, 0xFC, 0x0E, 0x00, 0x00, 0xFC, 0x0E, 0x00, 0x00, 0xFC, 0x0E, 0x00, 0x00,
    0xFC, 0x0E, 0x00, 0x00, 0xFC, 0x0E, 0x00, 0x00, 0xFC, 0x0E, 0x00, 0x00, 0xFC, 0x0E, 0x00, 0x00,
    0xFC, 0x0E, 0x00, 0x00, 0x04, 0x0F, 0x00, 0x00, 0x04, 0x0F, 0x00, 0x00, 0x04, 0x0F, 0x00, 0x00,
    0x04, 0x0F, 0x00, 0x00, 0x04, 0x0F, 0x00, 0x00, 0x04, 0x0F, 0x00, 0x00, 0x04, 0x0F, 0x00, 0x00,
    0x04, 0x0F, 0x00, 0x00, 0x04, 0x0F, 0x00, 0x00, 0x04, 0x0F, 0x00, 0x00, 0x04, 0x0F, 0x00, 0x00,
    0x04, 0x0F, 0x00, 0x00, 0x04, 0x0F, 0x00, 0x00, 0x04, 0x0F, 0x00, 0x00, 0x04, 0x0F, 0x00, 0x00,
    0x04, 0x0F, 0x00, 0x00, 0x04, 0x0F, 0x00, 0x00, 0x04, 0x0F, 0x00, 0x00, 0x04, 0x0F, 0x00, 0x00,
    0x04, 0x0F, 0x00, 0x00, 0x04, 0x0F, 0x00, 0x00, 0x04, 0x0F, 0x00, 0x00, 0x04, 0x0F, 0x00, 0x00,
    0x04, 0x0F, 0x00, 0x00, 0x04, 0x0F, 0x00, 0x00, 0x04, 0x0F, 0x00, 0x00, 0x04, 0x0F, 0x00, 0x00,
    0x04, 0x0F, 0x00, 0x00, 0x04, 0x0F, 0x00, 0x00, 0x04, 0x0F, 0x00, 0x00, 0x04, 0x0F, 0x00, 0x00,
    0x04, 0x0F, 0x00, 0x00, 0x04, 0x0F, 0x00, 0x00, 0x04, 0x0F, 0x00, 0x00, 0x04, 0x0F, 0x00, 0x00,
    0x04, 0x0F, 0x00, 0x00, 0x04, 0x0F, 0x00, 0x00, 0x04, 0x0F, 0x00, 0x00, 0x04, 0x0F, 0x00, 0x00,
    0x04, 0x0F, 0x00, 0x00, 0x04, 0x0F, 0x00, 0x00, 0x04, 0x0F, 0x00, 0x00, 0x04, 0x0F, 0x00, 0x00,
    0x04, 0x0F, 0x00, 0x00, 0x00, 0x00, 0x00, 0x00, 0x00, 0x0F, 0x00, 0x00, 0x08, 0x0F, 0x00, 0x00,
    0x01, 0x00, 0x00, 0x00, 0x0C, 0x0F, 0x00, 0x00, 0x02, 0x00, 0x00, 0x00, 0x10, 0x0F, 0x00, 0x00,
    0x18, 0x0F, 0x00, 0x00, 0x20, 0x0F, 0x00, 0x00, 0x20, 0x0F, 0x00, 0x00, 0x20, 0x0F, 0x00, 0x00,
    0x20, 0x0F, 0x00, 0x00, 0x20, 0x0F, 0x00, 0x00, 0x20, 0x0F, 0x00, 0x00, 0x20, 0x0F, 0x00, 0x00,
    0x28, 0x0F, 0x00, 0x00, 0x28, 0x0F, 0x00, 0x00, 0x28, 0x0F, 0x00, 0x00, 0x01, 0x00, 0x00, 0x00,
    0x24, 0x0F, 0x00, 0x00, 0x2C, 0x0F, 0x00, 0x00, 0x00, 0x00, 0x00, 0x00, 0x30, 0x0F, 0x00, 0x00,
    0x38, 0x0F, 0x00, 0x00, 0x38, 0x0F, 0x00, 0x00, 0x38, 0x0F, 0x00, 0x00, 0x38, 0x0F, 0x00, 0x00,
    0x3C, 0x0F, 0x00, 0x00, 0x3C, 0x0F, 0x00, 0x00, 0x3C, 0x0F, 0x00, 0x00, 0x3C, 0x0F, 0x00, 0x00,
    0x3C, 0x0F, 0x00, 0x00, 0x3C, 0x0F, 0x00, 0x00, 0x3C, 0x0F, 0x00, 0x00, 0x3C, 0x0F, 0x00, 0x00,
    0x3C, 0x0F, 0x00, 0x00, 0x3C, 0x0F, 0x00, 0x00, 0x40, 0x0F, 0x00, 0x00, 0x40, 0x0F, 0x00, 0x00,
    0x40, 0x0F, 0x00, 0x00, 0x40, 0x0F, 0x00, 0x00, 0x40, 0x0F, 0x00, 0x00, 0x40, 0x0F, 0x00, 0x00,
    0x40, 0x0F, 0x00, 0x00, 0x44, 0x0F, 0x00, 0x00, 0x44, 0x0F, 0x00, 0x00, 0x44, 0x0F, 0x00, 0x00,
    0x44, 0x0F, 0x00, 0x00, 0x44, 0x0F, 0x00, 0x00, 0x44, 0x0F, 0x00, 0x00, 0x44, 0x0F, 0x00, 0x00,
    0x48, 0x0F, 0x00, 0x00, 0x48, 0x0F, 0x00, 0x00, 0x48, 0x0F, 0x00, 0x00, 0x48, 0x0F, 0x00, 0x00,
    0x50, 0x0F, 0x00, 0x00, 0x58, 0x0F, 0x00, 0x00, 0x58, 0x0F, 0x00, 0x00, 0x58, 0x0F, 0x00, 0x00,
    0x58, 0x0F, 0x00, 0x00, 0x58, 0x0F, 0x00, 0x00, 0x58, 0x0F, 0x00, 0x00, 0x58, 0x0F, 0x00, 0x00,
    0x58, 0x0F, 0x00, 0x00, 0x60, 0x0F, 0x00, 0x00, 0x68, 0x0F, 0x00, 0x00, 0x68, 0x0F, 0x00, 0x00,
    0x68, 0x0F, 0x00, 0x00, 0x68, 0x0F, 0x00, 0x00, 0x68, 0x0F, 0x00, 0x00, 0x68, 0x0F, 0x00, 0x00,
    0x68, 0x0F, 0x00, 0x00, 0x68, 0x0F, 0x00, 0x00, 0x70, 0x0F, 0x00, 0x00, 0x78, 0x0F, 0x00, 0x00,
    0x78, 0x0F, 0x00, 0x00, 0x78, 0x0F, 0x00, 0x00, 0x78, 0x0F, 0x00, 0x00, 0x78, 0x0F, 0x00, 0x00,
    0x78, 0x0F, 0x00, 0x00, 0x78, 0x0F, 0x00, 0x00, 0x78, 0x0F, 0x00, 0x00, 0x80, 0x0F, 0x00, 0x00,
    0x88, 0x0F, 0x00, 0x00, 0x88, 0x0F, 0x00, 0x00, 0x88, 0x0F, 0x00, 0x00, 0x88, 0x0F, 0x00, 0x00,
    0x88, 0x0F, 0x00, 0x00, 0x88, 0x0F, 0x00, 0x00, 0x88, 0x0F, 0x00, 0x00, 0x88, 0x0F, 0x00, 0x00,
    0x90, 0x0F, 0x00, 0x00, 0x98, 0x0F, 0x00, 0x00, 0x98, 0x0F, 0x00, 0x00, 0x98, 0x0F, 0x00, 0x00,
    0x98, 0x0F, 0x00, 0x00, 0x98, 0x0F, 0x00, 0x00, 0x98, 0x0F, 0x00, 0x00, 0x98, 0x0F, 0x00, 0x00,
    0x98, 0x0F, 0x00, 0x00, 0xA0, 0x0F, 0x00, 0x00, 0xA8, 0x0F, 0x00, 0x00, 0xA8, 0x0F, 0x00, 0x00,
    0xA8, 0x0F, 0x00, 0x00, 0xA8, 0x0F, 0x00, 0x00, 0xA8, 0x0F, 0x00, 0x00, 0xA8, 0x0F, 0x00, 0x00,
    0xA8, 0x0F, 0x00, 0x00, 0xA8, 0x0F, 0x00, 0x00, 0xB0, 0x0F, 0x00, 0x00, 0xB8, 0x0F, 0x00, 0x00,
    0xB8, 0x0F, 0x00, 0x00, 0xB8, 0x0F, 0x00, 0x00, 0xB8, 0x0F, 0x00, 0x00, 0xB8, 0x0F, 0x00, 0x00,
    0xB8, 0x0F, 0x00, 0x00, 0xB8, 0x0F, 0x00, 0x00, 0xB8, 0x0F, 0x00, 0x00, 0xC0, 0x0F, 0x00, 0x00,
    0xC8, 0x0F, 0x00, 0x00, 0xC8, 0x0F, 0x00, 0x00, 0xC8, 0x0F, 0x00, 0x00, 0xC8, 0x0F, 0x00, 0x00,
    0xC8, 0x0F, 0x00, 0x00, 0xC8, 0x0F, 0x00, 0x00, 0xC8, 0x0F, 0x00, 0x00, 0xC8, 0x0F, 0x00, 0x00,
    0xC8, 0x0F, 0x00, 0x00, 0xC8, 0x0F, 0x00, 0x00, 0xC8, 0x0F, 0x00, 0x00, 0xC8, 0x0F, 0x00, 0x00,
    0xC8, 0x0F, 0x00, 0x00, 0xC8, 0x0F, 0x00, 0x00, 0xC8, 0x0F, 0x00, 0x00, 0xC8, 0x0F, 0x00, 0x00,
    0xC8, 0x0F, 0x00, 0x00, 0xC8, 0x0F, 0x00, 0x00, 0xC8, 0x0F, 0x00, 0x00, 0xC8, 0x0F, 0x00, 0x00,
    0xC8, 0x0F, 0x00, 0x00, 0xC8, 0x0F, 0x00, 0x00, 0x06, 0x00, 0x00, 0x00, 0xC4, 0x0F, 0x00, 0x00,
    0xCC, 0x0F, 0x00, 0x00, 0x07, 0x00, 0x00, 0x00, 0xCC, 0x0F, 0x00, 0x00, 0xD4, 0x0F, 0x00, 0x00,
    0x04, 0x00, 0x00, 0x00, 0xD4, 0x0F, 0x00, 0x00, 0xDC, 0x0F, 0x00, 0x00, 0x05, 0x00, 0x00, 0x00,
    0xDC, 0x0F, 0x00, 0x00, 0xE4, 0x0F, 0x00, 0x00, 0x03, 0x00, 0x00, 0x00, 0xE4, 0x0F, 0x00, 0x00,
    0xEC, 0x0F, 0x00, 0x00, 0x01, 0x00, 0x00, 0x00, 0xEC, 0x0F, 0x00, 0x00, 0xF4, 0x0F, 0x00, 0x00,
    0x02, 0x00, 0x00, 0x00, 0xF4, 0x0F, 0x00, 0x00, 0xFC, 0x0F, 0x00, 0x00, 0x00, 0x00, 0x00, 0x00,
    0xFC, 0x0F, 0x00, 0x00, 0x04, 0x10, 0x00, 0x00, 0x08, 0x10, 0x00, 0x00, 0x08, 0x10, 0x00, 0x00,
    0x08, 0x10, 0x00, 0x00, 0x08, 0x10, 0x00, 0x00, 0x10, 0x10, 0x00, 0x00, 0x10, 0x10, 0x00, 0x00,
    0x10, 0x10, 0x00, 0x00, 0x10, 0x10, 0x00, 0x00, 0x10, 0x10, 0x00, 0x00, 0x10, 0x10, 0x00, 0x00,
    0x10, 0x10, 0x00, 0x00, 0x10, 0x10, 0x00, 0x00, 0x14, 0x10, 0x00, 0x00, 0x14, 0x10, 0x00, 0x00,
    0x14, 0x10, 0x00, 0x00, 0x14, 0x10, 0x00, 0x00, 0x14, 0x10, 0x00, 0x00, 0x14, 0x10, 0x00, 0x00,
    0x14, 0x10, 0x00, 0x00, 0x14, 0x10, 0x00, 0x00, 0x14, 0x10, 0x00, 0x00, 0x14, 0x10, 0x00, 0x00,
    0x18, 0x10, 0x00, 0x00, 0x18, 0x10, 0x00, 0x00, 0x18, 0x10, 0x00, 0x00, 0x18, 0x10, 0x00, 0x00,
    0x18, 0x10, 0x00, 0x00, 0x18, 0x10, 0x00, 0x00, 0x18, 0x10, 0x00, 0x00, 0x1C, 0x10, 0x00, 0x00,
    0x1C, 0x10, 0x00, 0x00, 0x1C, 0x10, 0x00, 0x00, 0x1C, 0x10, 0x00, 0x00, 0x1C, 0x10, 0x00, 0x00,
    0x1C, 0x10, 0x00, 0x00, 0x1C, 0x10, 0x00, 0x00, 0x20, 0x10, 0x00, 0x00, 0x20, 0x10, 0x00, 0x00,
    0x20, 0x10, 0x00, 0x00, 0x20, 0x10, 0x00, 0x00, 0x28, 0x10, 0x00, 0x00, 0x30, 0x10, 0x00, 0x00,
    0x30, 0x10, 0x00, 0x00, 0x30, 0x10, 0x00, 0x00, 0x30, 0x10, 0x00, 0x00, 0x30, 0x10, 0x00, 0x00,
    0x30, 0x10, 0x00, 0x00, 0x30, 0x10, 0x00, 0x00, 0x30, 0x10, 0x00, 0x00, 0x38, 0x10, 0x00, 0x00,
    0x40, 0x10, 0x00, 0x00, 0x40, 0x10, 0x00, 0x00, 0x40, 0x10, 0x00, 0x00, 0x40, 0x10, 0x00, 0x00,
    0x40, 0x10, 0x00, 0x00, 0x40, 0x10, 0x00, 0x00, 0x40, 0x10, 0x00, 0x00, 0x40, 0x10, 0x00, 0x00,
    0x48, 0x10, 0x00, 0x00, 0x50, 0x10, 0x00, 0x00, 0x50, 0x10, 0x00, 0x00, 0x50, 0x10, 0x00, 0x00,
    0x50, 0x10, 0x00, 0x00, 0x50, 0x10, 0x00, 0x00, 0x50, 0x10, 0x00, 0x00, 0x50, 0x10, 0x00, 0x00,
    0x50, 0x10, 0x00, 0x00, 0x58, 0x10, 0x00, 0x00, 0x60, 0x10, 0x00, 0x00, 0x60, 0x10, 0x00, 0x00,
    0x60, 0x10, 0x00, 0x00, 0x60, 0x10, 0x00, 0x00, 0x60, 0x10, 0x00, 0x00, 0x60, 0x10, 0x00, 0x00,
    0x60, 0x10, 0x00, 0x00, 0x60, 0x10, 0x00, 0x00, 0x68, 0x10, 0x00, 0x00, 0x70, 0x10, 0x00, 0x00,
    0x70, 0x10, 0x00, 0x00, 0x70, 0x10, 0x00, 0x00, 0x70, 0x10, 0x00, 0x00, 0x70, 0x10, 0x00, 0x00,
    0x70, 0x10, 0x00, 0x00, 0x70, 0x10, 0x00, 0x00, 0x70, 0x10, 0x00, 0x00, 0x78, 0x10, 0x00, 0x00,
    0x80, 0x10, 0x00, 0x00, 0x80, 0x10, 0x00, 0x00, 0x80, 0x10, 0x00, 0x00, 0x80, 0x10, 0x00, 0x00,
    0x80, 0x10, 0x00, 0x00, 0x80, 0x10, 0x00, 0x00, 0x80, 0x10, 0x00, 0x00, 0x80, 0x10, 0x00, 0x00,
    0x88, 0x10, 0x00, 0x00, 0x90, 0x10, 0x00, 0x00, 0x90, 0x10, 0x00, 0x00, 0x90, 0x10, 0x00, 0x00,
    0x90, 0x10, 0x00, 0x00, 0x90, 0x10, 0x00, 0x00, 0x90, 0x10, 0x00, 0x00, 0x90, 0x10, 0x00, 0x00,
    0x90, 0x10, 0x00, 0x00, 0x98, 0x10, 0x00, 0x00, 0xA0, 0x10, 0x00, 0x00, 0xA0, 0x10, 0x00, 0x00,
    0xA0, 0x10, 0x00, 0x00, 0xA0, 0x10, 0x00, 0x00, 0xA0, 0x10, 0x00, 0x00, 0xA0, 0x10, 0x00, 0x00,
    0xA0, 0x10, 0x00, 0x00, 0xA0, 0x10, 0x00, 0x00, 0xA0, 0x10, 0x00, 0x00, 0xA0, 0x10, 0x00, 0x00,
    0xA0, 0x10, 0x00, 0x00, 0xA0, 0x10, 0x00, 0x00, 0xA0, 0x10, 0x00, 0x00, 0xA0, 0x10, 0x00, 0x00,
    0xA0, 0x10, 0x00, 0x00, 0xA0, 0x10, 0x00, 0x00, 0xA0, 0x10, 0x00, 0x00, 0xA0, 0x10, 0x00, 0x00,
    0xA0, 0x10, 0x00, 0x00, 0xA0, 0x10, 0x00, 0x00, 0xA0, 0x10, 0x00, 0x00, 0xA0, 0x10, 0x00, 0x00,
    0x07, 0x00, 0x00, 0x00, 0x9C, 0x10, 0x00, 0x00, 0xA4, 0x10, 0x00, 0x00, 0x06, 0x00, 0x00, 0x00,
    0xA4, 0x10, 0x00, 0x00, 0xAC, 0x10, 0x00, 0x00, 0x05, 0x00, 0x00, 0x00, 0xAC, 0x10, 0x00, 0x00,
    0xB4, 0x10, 0x00, 0x00, 0x04, 0x00, 0x00, 0x00, 0xB4, 0x10, 0x00, 0x00, 0xBC, 0x10, 0x00, 0x00,
    0x03, 0x00, 0x00, 0x00, 0xBC, 0x10, 0x00, 0x00, 0xC4, 0x10, 0x00, 0x00, 0x02, 0x00, 0x00, 0x00,
    0xC4, 0x10, 0x00, 0x00, 0xCC, 0x10, 0x00, 0x00, 0x01, 0x00, 0x00, 0x00, 0xCC, 0x10, 0x00, 0x00,
    0xD4, 0x10, 0x00, 0x00, 0x00, 0x00, 0x00, 0x00, 0xD4, 0x10, 0x00, 0x00, 0xDC, 0x10, 0x00, 0x00,
    0xE0, 0x10, 0x00, 0x00, 0xE0, 0x10, 0x00, 0x00, 0xE0, 0x10, 0x00, 0x00, 0xE0, 0x10, 0x00, 0x00,
    0xE8, 0x10, 0x00, 0x00, 0xE8, 0x10, 0x00, 0x00, 0xE8, 0x10, 0x00, 0x00, 0xE8, 0x10, 0x00, 0x00,
    0xE8, 0x10, 0x00, 0x00, 0xE8, 0x10, 0x00, 0x00, 0xE8, 0x10, 0x00, 0x00, 0xE8, 0x10, 0x00, 0x00,
    0xF0, 0x10, 0x00, 0x00, 0xF0, 0x10, 0x00, 0x00, 0xF0, 0x10, 0x00, 0x00, 0xF0, 0x10, 0x00, 0x00,
    0xF0, 0x10, 0x00, 0x00, 0xF0, 0x10, 0x00, 0x00, 0xF0, 0x10, 0x00, 0x00, 0xF0, 0x10, 0x00, 0x00,
    0xF4, 0x10, 0x00, 0x00, 0xF4, 0x10, 0x00, 0x00, 0xF4, 0x10, 0x00, 0x00, 0xF4, 0x10, 0x00, 0x00,
    0xF4, 0x10, 0x00, 0x00, 0xF4, 0x10, 0x00, 0x00, 0xF4, 0x10, 0x00, 0x00, 0xF4, 0x10, 0x00, 0x00,
    0xF4, 0x10, 0x00, 0x00, 0xF4, 0x10, 0x00, 0x00, 0xF8, 0x10, 0x00, 0x00, 0xF8, 0x10, 0x00, 0x00,
    0xF8, 0x10, 0x00, 0x00, 0xF8, 0x10, 0x00, 0x00, 0x00, 0x11, 0x00, 0x00, 0x08, 0x11, 0x00, 0x00,
    0x08, 0x11, 0x00, 0x00, 0x08, 0x11, 0x00, 0x00, 0x08, 0x11, 0x00, 0x00, 0x08, 0x11, 0x00, 0x00,
    0x08, 0x11, 0x00, 0x00, 0x08, 0x11, 0x00, 0x00, 0x08, 0x11, 0x00, 0x00, 0x10, 0x11, 0x00, 0x00,
    0x18, 0x11, 0x00, 0x00, 0x18, 0x11, 0x00, 0x00, 0x18, 0x11, 0x00, 0x00, 0x18, 0x11, 0x00, 0x00,
    0x18, 0x11, 0x00, 0x00, 0x18, 0x11, 0x00, 0x00, 0x18, 0x11, 0x00, 0x00, 0x18, 0x11, 0x00, 0x00,
    0x20, 0x11, 0x00, 0x00, 0x28, 0x11, 0x00, 0x00, 0x28, 0x11, 0x00, 0x00, 0x28, 0x11, 0x00, 0x00,
    0x28, 0x11, 0x00, 0x00, 0x28, 0x11, 0x00, 0x00, 0x28, 0x11, 0x00, 0x00, 0x28, 0x11, 0x00, 0x00,
    0x28, 0x11, 0x00, 0x00, 0x30, 0x11, 0x00, 0x00, 0x38, 0x11, 0x00, 0x00, 0x38, 0x11, 0x00, 0x00,
    0x38, 0x11, 0x00, 0x00, 0x38, 0x11, 0x00, 0x00, 0x38, 0x11, 0x00, 0x00, 0x38, 0x11, 0x00, 0x00,
    0x38, 0x11, 0x00, 0x00, 0x38, 0x11, 0x00, 0x00, 0x38, 0x11, 0x00, 0x00, 0x38, 0x11, 0x00, 0x00,
    0x38, 0x11, 0x00, 0x00, 0x38, 0x11, 0x00, 0x00, 0x38, 0x11, 0x00, 0x00, 0x38, 0x11, 0x00, 0x00,
    0x38, 0x11, 0x00, 0x00, 0x38, 0x11, 0x00, 0x00, 0x38, 0x11, 0x00, 0x00, 0x38, 0x11, 0x00, 0x00,
    0x38, 0x11, 0x00, 0x00, 0x38, 0x11, 0x00, 0x00, 0x3C, 0x11, 0x00, 0x00, 0x44, 0x11, 0x00, 0x00,
    0x4C, 0x11, 0x00, 0x00, 0x4C, 0x11, 0x00, 0x00, 0x4C, 0x11, 0x00, 0x00, 0x4C, 0x11, 0x00, 0x00,
    0x50, 0x11, 0x00, 0x00, 0x58, 0x11, 0x00, 0x00, 0x01, 0x00, 0x00, 0x00, 0x5C, 0x11, 0x00, 0x00,
    0x64, 0x11, 0x00, 0x00, 0x00, 0x00, 0x00, 0x00, 0x64, 0x11, 0x00, 0x00, 0x6C, 0x11, 0x00, 0x00,
    0x03, 0x00, 0x00, 0x00, 0x6C, 0x11, 0x00, 0x00, 0x74, 0x11, 0x00, 0x00, 0x02, 0x00, 0x00, 0x00,
    0x74, 0x11, 0x00, 0x00, 0x7C, 0x11, 0x00, 0x00, 0x06, 0x00, 0x00, 0x00, 0x7C, 0x11, 0x00, 0x00,
    0x84, 0x11, 0x00, 0x00, 0x07, 0x00, 0x00, 0x00, 0x84, 0x11, 0x00, 0x00, 0x8C, 0x11, 0x00, 0x00,
    0x04, 0x00, 0x00, 0x00, 0x8C, 0x11, 0x00, 0x00, 0x94, 0x11, 0x00, 0x00, 0x05, 0x00, 0x00, 0x00,
    0x94, 0x11, 0x00, 0x00, 0x9C, 0x11, 0x00, 0x00, 0xA0, 0x11, 0x00, 0x00, 0xA0, 0x11, 0x00, 0x00,
    0xA0, 0x11, 0x00, 0x00, 0xA0, 0x11, 0x00, 0x00, 0xA8, 0x11, 0x00, 0x00, 0xA8, 0x11, 0x00, 0x00,
    0xA8, 0x11, 0x00, 0x00, 0xA8, 0x11, 0x00, 0x00, 0xA8, 0x11, 0x00, 0x00, 0xA8, 0x11, 0x00, 0x00,
    0xA8, 0x11, 0x00, 0x00, 0xA8, 0x11, 0x00, 0x00, 0xB0, 0x11, 0x00, 0x00, 0xB0, 0x11, 0x00, 0x00,
    0xB0, 0x11, 0x00, 0x00, 0xB0, 0x11, 0x00, 0x00, 0xB0, 0x11, 0x00, 0x00, 0xB0, 0x11, 0x00, 0x00,
    0xB0, 0x11, 0x00, 0x00, 0xB0, 0x11, 0x00, 0x00, 0xB4, 0x11, 0x00, 0x00, 0xB4, 0x11, 0x00, 0x00,
    0xB4, 0x11, 0x00, 0x00, 0xB4, 0x11, 0x00, 0x00, 0xB4, 0x11, 0x00, 0x00, 0xB4, 0x11, 0x00, 0x00,
    0xB4, 0x11, 0x00, 0x00, 0xBC, 0x11, 0x00, 0x00, 0xC4, 0x11, 0x00, 0x00, 0xC4, 0x11, 0x00, 0x00,
    0xC4, 0x11, 0x00, 0x00, 0xC4, 0x11, 0x00, 0x00, 0xC4, 0x11, 0x00, 0x00, 0xC4, 0x11, 0x00, 0x00,
    0xC4, 0x11, 0x00, 0x00, 0xC4, 0x11, 0x00, 0x00, 0xCC, 0x11, 0x00, 0x00, 0xD4, 0x11, 0x00, 0x00,
    0xD4, 0x11, 0x00, 0x00, 0xD4, 0x11, 0x00, 0x00, 0xD4, 0x11, 0x00, 0x00, 0xD4, 0x11, 0x00, 0x00,
    0xD4, 0x11, 0x00, 0x00, 0xD4, 0x11, 0x00, 0x00, 0xD4, 0x11, 0x00, 0x00, 0xD4, 0x11, 0x00, 0x00,
    0xD4, 0x11, 0x00, 0x00, 0xD4, 0x11, 0x00, 0x00, 0xD4, 0x11, 0x00, 0x00, 0xD4, 0x11, 0x00, 0x00,
    0xD4, 0x11, 0x00, 0x00, 0xD4, 0x11, 0x00, 0x00, 0xD4, 0x11, 0x00, 0x00, 0xD4, 0x11, 0x00, 0x00,
    0xD4, 0x11, 0x00, 0x00, 0xD4, 0x11, 0x00, 0x00, 0xD4, 0x11, 0x00, 0x00, 0xD8, 0x11, 0x00, 0x00,
    0xE0, 0x11, 0x00, 0x00, 0xE8, 0x11, 0x00, 0x00, 0xE8, 0x11, 0x00, 0x00, 0xE8, 0x11, 0x00, 0x00,
    0xE8, 0x11, 0x00, 0x00, 0xEC, 0x11, 0x00, 0x00, 0xF4, 0x11, 0x00, 0x00, 0xFC, 0x11, 0x00, 0x00,
    0xFC, 0x11, 0x00, 0x00, 0xFC, 0x11, 0x00, 0x00, 0xFC, 0x11, 0x00, 0x00, 0x00, 0x12, 0x00, 0x00,
    0x08, 0x12, 0x00, 0x00, 0x10, 0x12, 0x00, 0x00, 0x10, 0x12, 0x00, 0x00, 0x10, 0x12, 0x00, 0x00,
    0x10, 0x12, 0x00, 0x00, 0x18, 0x12, 0x00, 0x00, 0x18, 0x12, 0x00, 0x00, 0x18, 0x12, 0x00, 0x00,
    0x18, 0x12, 0x00, 0x00, 0x18, 0x12, 0x00, 0x00, 0x18, 0x12, 0x00, 0x00, 0x18, 0x12, 0x00, 0x00,
    0x18, 0x12, 0x00, 0x00, 0x20, 0x12, 0x00, 0x00, 0x20, 0x12, 0x00, 0x00, 0x20, 0x12, 0x00, 0x00,
    0x20, 0x12, 0x00, 0x00, 0x20, 0x12, 0x00, 0x00, 0x20, 0x12, 0x00, 0x00, 0x20, 0x12, 0x00, 0x00,
    0x20, 0x12, 0x00, 0x00, 0x20, 0x12, 0x00, 0x00, 0x20, 0x12, 0x00, 0x00, 0x20, 0x12, 0x00, 0x00,
    0x20, 0x12, 0x00, 0x00, 0x20, 0x12, 0x00, 0x00, 0x20, 0x12, 0x00, 0x00, 0x20, 0x12, 0x00, 0x00,
    0x20, 0x12, 0x00, 0x00, 0x20, 0x12, 0x00, 0x00, 0x20, 0x12, 0x00, 0x00, 0x20, 0x12, 0x00, 0x00,
    0x20, 0x12, 0x00, 0x00, 0x20, 0x12, 0x00, 0x00, 0x20, 0x12, 0x00, 0x00, 0x20, 0x12, 0x00, 0x00,
    0x20, 0x12, 0x00, 0x00, 0x20, 0x12, 0x00, 0x00, 0x20, 0x12, 0x00, 0x00, 0x20, 0x12, 0x00, 0x00,
    0x20, 0x12, 0x00, 0x00, 0x20, 0x12, 0x00, 0x00, 0x01, 0x00, 0x00, 0x00, 0x1C, 0x12, 0x00, 0x00,
    0x24, 0x12, 0x00, 0x00, 0x00, 0x00, 0x00, 0x00, 0x24, 0x12, 0x00, 0x00, 0x2C, 0x12, 0x00, 0x00,
    0x09, 0x00, 0x00, 0x00, 0x2C, 0x12, 0x00, 0x00, 0x0A, 0x00, 0x00, 0x00, 0x30, 0x12, 0x00, 0x00,
    0x38, 0x12, 0x00, 0x00, 0x02, 0x00, 0x00, 0x00, 0x3C, 0x12, 0x00, 0x00, 0x44, 0x12, 0x00, 0x00,
    0x03, 0x00, 0x00, 0x00, 0x44, 0x12, 0x00, 0x00, 0x4C, 0x12, 0x00, 0x00, 0x04, 0x00, 0x00, 0x00,
    0x4C, 0x12, 0x00, 0x00, 0x54, 0x12, 0x00, 0x00, 0x05, 0x00, 0x00, 0x00, 0x54, 0x12, 0x00, 0x00,
    0x5C, 0x12, 0x00, 0x00, 0x06, 0x00, 0x00, 0x00, 0x5C, 0x12, 0x00, 0x00, 0x64, 0x12, 0x00, 0x00,
    0x07, 0x00, 0x00, 0x00, 0x64, 0x12, 0x00, 0x00, 0x6C, 0x12, 0x00, 0x00, 0x70, 0x12, 0x00, 0x00,
    0x70, 0x12, 0x00, 0x00, 0x70, 0x12, 0x00, 0x00, 0x70, 0x12, 0x00, 0x00, 0x78, 0x12, 0x00, 0x00,
    0x78, 0x12, 0x00, 0x00, 0x78, 0x12, 0x00, 0x00, 0x78, 0x12, 0x00, 0x00, 0x08, 0x00, 0x00, 0x00,
    0x74, 0x12, 0x00, 0x00, 0x7C, 0x12, 0x00, 0x00, 0x00, 0xE0, 0x00, 0x00, 0x00, 0xE0, 0x00, 0x00,
    0x00, 0xE0, 0x00, 0x00, 0x00, 0x00, 0x00, 0x00, 0x00, 0x00, 0x00, 0x00, 0x00, 0x00, 0x00, 0x00,
    0x00, 0x00, 0x00, 0x00, 0x00, 0x00, 0x00, 0x00, 0x00, 0x00, 0x00, 0x00, 0x00, 0xE0, 0x00, 0x00,
    0x00, 0xE0, 0x00, 0x00, 0x00, 0xE0, 0x00, 0x00, 0x00, 0x00, 0x00, 0x00, 0x00, 0x00, 0x00, 0x00,
    0x00, 0x00, 0x00, 0x00, 0x00, 0xE0, 0x00, 0x00, 0x00, 0xE0, 0x00, 0x00, 0x00, 0xE0, 0x00, 0x00,
    0x02, 0x00, 0x00, 0xE0, 0x00, 0xE0, 0x00, 0x00, 0x00, 0xE0, 0x00, 0x00, 0x00, 0xE0, 0x00, 0x00,
    0x02, 0x00, 0x00, 0xE0, 0x00, 0xE0, 0x00, 0x00, 0x00, 0xE0, 0x00, 0x00, 0x00, 0xE0, 0x00, 0x00,
    0x00, 0x00, 0x00, 0x00, 0x00, 0x00, 0x00, 0x00, 0x00, 0x00, 0x00, 0x00, 0x00, 0x00, 0x00, 0x00,
    0x00, 0x00, 0x00, 0x00, 0x00, 0x00, 0x00, 0x00, 0x00, 0xE0, 0x00, 0x00, 0x00, 0xE0, 0x00, 0x00,
    0x00, 0xE0, 0x00, 0x00, 0x03, 0x00, 0x00, 0xE0, 0x00, 0xE0, 0x00, 0x00, 0x00, 0xE0, 0x00, 0x00,
    0x00, 0xE0, 0x00, 0x00, 0x03, 0x00, 0x00, 0xE0, 0x00, 0xE0, 0x00, 0x00, 0x00, 0xE0, 0x00, 0x00,
    0x00, 0xE0, 0x00, 0x00, 0x00, 0x00, 0x00, 0x00, 0x00, 0x00, 0x00, 0x00, 0x00, 0x00, 0x00, 0x00,
    0x00, 0x00, 0x00, 0x00, 0x00, 0x00, 0x00, 0x00, 0x00, 0x00, 0x00, 0x00, 0x00, 0xE0, 0x00, 0x00,
    0x00, 0xE0, 0x00, 0x00, 0x00, 0xE0, 0x00, 0x00, 0x02, 0x00, 0x00, 0xE0, 0x00, 0xE0, 0x00, 0x00,
    0x00, 0xE0, 0x00, 0x00, 0x00, 0xE0, 0x00, 0x00, 0x02, 0x00, 0x00, 0xE0, 0x00, 0xE0, 0x00, 0x00,
    0x00, 0xE0, 0x00, 0x00, 0x00, 0xE0, 0x00, 0x00, 0x00, 0x00, 0x00, 0x00, 0x00, 0x00, 0x00, 0x00,
    0x00, 0x00, 0x00, 0x00, 0x00, 0x00, 0x00, 0x00, 0x00, 0x00, 0x00, 0x00, 0x00, 0x00, 0x00, 0x00,
    0x00, 0xE0, 0x00, 0x00, 0x00, 0xE0, 0x00, 0x00, 0x00, 0xE0, 0x00, 0x00, 0x03, 0x00, 0x00, 0xE0,
    0x00, 0xE0, 0x00, 0x00, 0x00, 0xE0, 0x00, 0x00, 0x00, 0xE0, 0x00, 0x00, 0x03, 0x00, 0x00, 0xE0,
    0x00, 0xE0, 0x00, 0x00, 0x00, 0xE0, 0x00, 0x00, 0x00, 0xE0, 0x00, 0x00, 0x00, 0x00, 0x00, 0x00,
    0x00, 0x00, 0x00, 0x00, 0x00, 0x00, 0x00, 0x00, 0x00, 0xE0, 0x00, 0x00, 0x00, 0xE0, 0x00, 0x00,
    0x00, 0xE0, 0x00, 0x00, 0x00, 0xE0, 0x00, 0x00, 0x00, 0xE0, 0x00, 0x00, 0x00, 0xE0, 0x00, 0x00,
    0x00, 0x00, 0x00, 0x00, 0x00, 0x00, 0x00, 0x00, 0x00, 0x00, 0x00, 0x00, 0x00, 0xE0, 0x00, 0x00,
    0x00, 0xE0, 0x00, 0x00, 0x00, 0xE0, 0x00, 0x00, 0x00, 0xE0, 0x00, 0x00, 0x00, 0xE0, 0x00, 0x00,
    0x00, 0xE0, 0x00, 0x00, 0x01, 0x00, 0x00, 0x00, 0x04, 0x11, 0x00, 0x00, 0x00, 0x00, 0x00, 0x00,
    0x00, 0xE0, 0x00, 0x00, 0x00, 0xE0, 0x00, 0x00, 0x00, 0xE0, 0x00, 0x00, 0x04, 0x00, 0x00, 0xE0,
    0x00, 0xE0, 0x00, 0x00, 0x00, 0xE0, 0x00, 0x00, 0x00, 0xE0, 0x00, 0x00, 0x00, 0xE0, 0x00, 0x00,
    0x00, 0xE0, 0x00, 0x00, 0x00, 0xE0, 0x00, 0x00, 0x00, 0xE0, 0x00, 0x00, 0x00, 0xE0, 0x00, 0x00,
    0x00, 0xE0, 0x00, 0x00, 0x01, 0x60, 0x05, 0x00, 0x4F, 0xC0, 0x00, 0xE0, 0x00, 0xE0, 0x00, 0x00,
    0x00, 0xE0, 0x00, 0x00, 0x00, 0xE0, 0x00, 0x00, 0x00, 0xE0, 0x00, 0x00, 0x00, 0xE0, 0x00, 0x00,
    0x00, 0xE0, 0x00, 0x00, 0x00, 0x60, 0x05, 0x00, 0x4F, 0xC0, 0x00, 0xE0, 0x00, 0xE0, 0x00, 0x00,
    0x00, 0xE0, 0x00, 0x00, 0x00, 0xE0, 0x00, 0x00, 0x00, 0x00, 0x00, 0x00, 0x00, 0x00, 0x00, 0x00,
    0x01, 0x00, 0x00, 0x00, 0x00, 0x00, 0x00, 0x00, 0x05, 0x00, 0x00, 0x00, 0x84, 0x10, 0x00, 0x00,
    0x01, 0x00, 0x00, 0x00, 0x90, 0x10, 0x00, 0x00, 0x01, 0x00, 0x00, 0x00, 0x00, 0xE0, 0x00, 0x00,
    0x00, 0xE0, 0x00, 0x00, 0x00, 0xE0, 0x00, 0x00, 0x01, 0x00, 0x00, 0x00, 0x7C, 0x10, 0x00, 0x00,
    0x00, 0x00, 0x00, 0x00, 0x00, 0xE0, 0x00, 0x00, 0x00, 0xE0, 0x00, 0x00, 0x00, 0xE0, 0x00, 0x00,
    0x00, 0xE0, 0x00, 0x00, 0x00, 0xE0, 0x00, 0x00, 0x00, 0xE0, 0x00, 0x00, 0x0B, 0x00, 0x00, 0xE0,
    0x00, 0xE0, 0x00, 0x00, 0x00, 0xE0, 0x00, 0x00, 0x00, 0xE0, 0x00, 0x00, 0x00, 0xE0, 0x00, 0x00,
    0x00, 0xE0, 0x00, 0x00, 0x00, 0xE0, 0x00, 0x00, 0x00, 0xE0, 0x00, 0x00, 0x00, 0xE0, 0x00, 0x00,
    0x00, 0xE0, 0x00, 0x00, 0x00, 0xE0, 0x00, 0x00, 0x00, 0xE0, 0x00, 0x00, 0x00, 0xE0, 0x00, 0x00,
    0x01, 0x00, 0x00, 0x00, 0x28, 0x10, 0x00, 0x00, 0x00, 0x00, 0x00, 0x00, 0x00, 0xE0, 0x00, 0x00,
    0x00, 0xE0, 0x00, 0x00, 0x00, 0xE0, 0x00, 0x00, 0x0C, 0x00, 0x00, 0xE0, 0x00, 0x00, 0x00, 0x00,
    0x00, 0x00, 0x00, 0x00, 0x01, 0x00, 0x00, 0x00, 0x01, 0x00, 0x00, 0x00, 0x03, 0x00, 0x00, 0x00,
    0x00, 0x10, 0x00, 0x00, 0x01, 0x00, 0x00, 0x00, 0x04, 0x10, 0x00, 0x00, 0x01, 0x00, 0x00, 0x00,
    0x00, 0xE0, 0x00, 0x00, 0x00, 0xE0, 0x00, 0x00, 0x00, 0xE0, 0x00, 0x00, 0x01, 0x00, 0x00, 0x00,
    0xF0, 0x0F, 0x00, 0x00, 0x00, 0x00, 0x00, 0x00, 0x00, 0xE0, 0x00, 0x00, 0x00, 0xE0, 0x00, 0x00,
    0x00, 0xE0, 0x00, 0x00, 0x00, 0x00, 0x00, 0x00, 0x00, 0x00, 0x00, 0x00, 0x00, 0x00, 0x00, 0x00,
    0x00, 0xE0, 0x00, 0x00, 0x00, 0xE0, 0x00, 0x00, 0x00, 0xE0, 0x00, 0x00, 0x0E, 0x00, 0x00, 0xE0,
    0x00, 0xE0, 0x00, 0x00, 0x00, 0xE0, 0x00, 0x00, 0x00, 0xE0, 0x00, 0x00, 0x00, 0x00, 0x00, 0x00,
    0x00, 0x00, 0x00, 0x00, 0x00, 0x00, 0x00, 0x00, 0x00, 0xE0, 0x00, 0x00, 0x00, 0xE0, 0x00, 0x00,
    0x00, 0xE0, 0x00, 0x00, 0x0F, 0x00, 0x00, 0xE0, 0x00, 0xE0, 0x00, 0x00, 0x00, 0xE0, 0x00, 0x00,
    0x00, 0xE0, 0x00, 0x00, 0x00, 0x00, 0x00, 0x00, 0x00, 0x00, 0x00, 0x00, 0x00, 0x00, 0x00, 0x00,
    0x00, 0xE0, 0x00, 0x00, 0x00, 0xE0, 0x00, 0x00, 0x00, 0xE0, 0x00, 0x00, 0x10, 0x00, 0x00, 0xE0,
    0x00, 0xE0, 0x00, 0x00, 0x00, 0xE0, 0x00, 0x00, 0x00, 0xE0, 0x00, 0x00, 0x00, 0xE0, 0x00, 0x00,
    0x00, 0xE0, 0x00, 0x00, 0x00, 0xE0, 0x00, 0x00, 0x00, 0xE0, 0x00, 0x00, 0x00, 0xE0, 0x00, 0x00,
    0x00, 0xE0, 0x00, 0x00, 0x00, 0xE0, 0x00, 0x00, 0x00, 0xE0, 0x00, 0x00, 0x00, 0xE0, 0x00, 0x00,
    0x00, 0xE0, 0x00, 0x00, 0x00, 0xE0, 0x00, 0x00, 0x00, 0xE0, 0x00, 0x00, 0x00, 0xE0, 0x00, 0x00,
    0x00, 0xE0, 0x00, 0x00, 0x00, 0xE0, 0x00, 0x00, 0x00, 0xE0, 0x00, 0x00, 0x00, 0xE0, 0x00, 0x00,
    0x00, 0xE0, 0x00, 0x00, 0x00, 0xE0, 0x00, 0x00, 0x00, 0xE0, 0x00, 0x00, 0x00, 0xE0, 0x00, 0x00,
    0x00, 0xE0, 0x00, 0x00, 0x00, 0xE0, 0x00, 0x00, 0x00, 0xE0, 0x00, 0x00, 0x00, 0xE0, 0x00, 0x00,
    0x00, 0xE0, 0x00, 0x00, 0x00, 0xE0, 0x00, 0x00, 0x00, 0xE0, 0x00, 0x00, 0x00, 0xE0, 0x00, 0x00,
    0x00, 0xE0, 0x00, 0x00, 0x00, 0xE0, 0x00, 0x00, 0x00, 0xE0, 0x00, 0x00, 0x00, 0xE0, 0x00, 0x00,
    0x00, 0xE0, 0x00, 0x00, 0x00, 0xE0, 0x00, 0x00, 0x00, 0xE0, 0x00, 0x00, 0x00, 0xE0, 0x00, 0x00,
    0x00, 0xE0, 0x00, 0x00, 0x00, 0x00, 0x00, 0x00, 0x00, 0x00, 0x00, 0x00, 0x01, 0x00, 0x00, 0x00,
    0x00, 0x00, 0x00, 0x00, 0x05, 0x00, 0x00, 0x00, 0xBC, 0x0E, 0x00, 0x00, 0x01, 0x00, 0x00, 0x00,
    0xC8, 0x0E, 0x00, 0x00, 0x01, 0x00, 0x00, 0x00, 0x00, 0xE0, 0x00, 0x00, 0x00, 0xE0, 0x00, 0x00,
    0x00, 0xE0, 0x00, 0x00, 0x00, 0x00, 0x00, 0x00, 0x00, 0x00, 0x00, 0x00, 0x00, 0x00, 0x00, 0x00,
    0x00, 0x00, 0x00, 0x00, 0x00, 0x00, 0x00, 0x00, 0x00, 0x00, 0x00, 0x00, 0x00, 0xE0, 0x00, 0x00,
    0x00, 0xE0, 0x00, 0x00, 0x00, 0xE0, 0x00, 0x00, 0x00, 0x00, 0x00, 0x00, 0x00, 0x00, 0x00, 0x00,
    0x00, 0x00, 0x00, 0x00, 0x00, 0xE0, 0x00, 0x00, 0x00, 0xE0, 0x00, 0x00, 0x00, 0xE0, 0x00, 0x00,
    0x0B, 0x00, 0x00, 0xE0, 0x00, 0xE0, 0x00, 0x00, 0x00, 0xE0, 0x00, 0x00, 0x00, 0xE0, 0x00, 0x00,
    0x00, 0x00, 0x00, 0x00, 0x00, 0x00, 0x00, 0x00, 0x00, 0x00, 0x00, 0x00, 0x00, 0x00, 0x00, 0x00,
    0x00, 0x00, 0x00, 0x00, 0x00, 0x00, 0x00, 0x00, 0x00, 0xE0, 0x00, 0x00, 0x00, 0xE0, 0x00, 0x00,
    0x00, 0xE0, 0x00, 0x00, 0x0B, 0x00, 0x00, 0xE0, 0x00, 0xE0, 0x00, 0x00, 0x00, 0xE0, 0x00, 0x00,
    0x00, 0xE0, 0x00, 0x00, 0x00, 0xE0, 0x00, 0x00, 0x00, 0xE0, 0x00, 0x00, 0x00, 0xE0, 0x00, 0x00,
    0x01, 0x00, 0x00, 0x00, 0x28, 0x0E, 0x00, 0x00, 0x00, 0x00, 0x00, 0x00, 0x00, 0xE0, 0x00, 0x00,
    0x00, 0xE0, 0x00, 0x00, 0x00, 0xE0, 0x00, 0x00, 0x0E, 0x00, 0x00, 0xE0, 0x00, 0x00, 0x00, 0x00,
    0x00, 0x00, 0x00, 0x00, 0x01, 0x00, 0x00, 0x00, 0x00, 0x00, 0x00, 0x00, 0x05, 0x00, 0x00, 0x00,
    0x00, 0x0E, 0x00, 0x00, 0x01, 0x00, 0x00, 0x00, 0x0C, 0x0E, 0x00, 0x00, 0x01, 0x00, 0x00, 0x00,
    0x00, 0xE0, 0x00, 0x00, 0x00, 0xE0, 0x00, 0x00, 0x00, 0xE0, 0x00, 0x00, 0x01, 0x00, 0x00, 0x00,
    0xF8, 0x0D, 0x00, 0x00, 0x00, 0x00, 0x00, 0x00, 0x00, 0xE0, 0x00, 0x00, 0x00, 0xE0, 0x00, 0x00,
    0x00, 0xE0, 0x00, 0x00, 0x00, 0x00, 0x00, 0x00, 0x00, 0x00, 0x00, 0x00, 0x00, 0x00, 0x00, 0x00,
    0x00, 0xE0, 0x00, 0x00, 0x00, 0xE0, 0x00, 0x00, 0x00, 0xE0, 0x00, 0x00, 0x0E, 0x00, 0x00, 0xE0,
    0x00, 0xE0, 0x00, 0x00, 0x00, 0xE0, 0x00, 0x00, 0x00, 0xE0, 0x00, 0x00, 0x01, 0x00, 0x00, 0x00,
    0xBC, 0x0D, 0x00, 0x00, 0x00, 0x00, 0x00, 0x00, 0x00, 0xE0, 0x00, 0x00, 0x00, 0xE0, 0x00, 0x00,
    0x00, 0xE0, 0x00, 0x00, 0x12, 0x00, 0x00, 0xE0, 0x00, 0xE0, 0x00, 0x00, 0x00, 0xE0, 0x00, 0x00,
    0x00, 0xE0, 0x00, 0x00, 0x00, 0xE0, 0x00, 0x00, 0x00, 0xE0, 0x00, 0x00, 0x00, 0xE0, 0x00, 0x00,
    0x00, 0xE0, 0x00, 0x00, 0x00, 0xE0, 0x00, 0x00, 0x00, 0xE0, 0x00, 0x00, 0x00, 0xE0, 0x00, 0x00,
    0x00, 0xE0, 0x00, 0x00, 0x00, 0xE0, 0x00, 0x00, 0x00, 0xE0, 0x00, 0x00, 0x00, 0xE0, 0x00, 0x00,
    0x00, 0xE0, 0x00, 0x00, 0x00, 0xE0, 0x00, 0x00, 0x00, 0xE0, 0x00, 0x00, 0x00, 0xE0, 0x00, 0x00,
    0x00, 0xE0, 0x00, 0x00, 0x00, 0xE0, 0x00, 0x00, 0x00, 0xE0, 0x00, 0x00, 0x00, 0xE0, 0x00, 0x00,
    0x00, 0xE0, 0x00, 0x00, 0x00, 0xE0, 0x00, 0x00, 0x00, 0xE0, 0x00, 0x00, 0x00, 0xE0, 0x00, 0x00,
    0x00, 0xE0, 0x00, 0x00, 0x00, 0xE0, 0x00, 0x00, 0x00, 0xE0, 0x00, 0x00, 0x00, 0xE0, 0x00, 0x00,
    0x00, 0xE0, 0x00, 0x00, 0x00, 0xE0, 0x00, 0x00, 0x00, 0xE0, 0x00, 0x00, 0x00, 0xE0, 0x00, 0x00,
    0x00, 0xE0, 0x00, 0x00, 0x00, 0xE0, 0x00, 0x00, 0x00, 0xE0, 0x00, 0x00, 0x00, 0xE0, 0x00, 0x00,
    0x00, 0xE0, 0x00, 0x00, 0x00, 0xE0, 0x00, 0x00, 0x00, 0x00, 0x00, 0x00, 0x00, 0x00, 0x00, 0x00,
    0x01, 0x00, 0x00, 0x00, 0x00, 0x00, 0x00, 0x00, 0x05, 0x00, 0x00, 0x00, 0xF4, 0x0C, 0x00, 0x00,
    0x01, 0x00, 0x00, 0x00, 0x00, 0x0D, 0x00, 0x00, 0x01, 0x00, 0x00, 0x00, 0x00, 0x00, 0x00, 0x00,
    0x00, 0x00, 0x00, 0x00, 0x01, 0x00, 0x00, 0x00, 0x00, 0x00, 0x00, 0x00, 0x05, 0x00, 0x00, 0x00,
    0xE8, 0x0C, 0x00, 0x00, 0x00, 0xE0, 0x00, 0x00, 0x00, 0xE0, 0x00, 0x00, 0x00, 0xE0, 0x00, 0x00,
    0x00, 0xE0, 0x00, 0x00, 0x00, 0xE0, 0x00, 0x00, 0x00, 0xE0, 0x00, 0x00, 0x01, 0x00, 0x00, 0x00,
    0xDC, 0x0C, 0x00, 0x00, 0x00, 0x00, 0x00, 0x00, 0x00, 0xE0, 0x00, 0x00, 0x00, 0xE0, 0x00, 0x00,
    0x00, 0xE0, 0x00, 0x00, 0x00, 0x00, 0x00, 0x00, 0x00, 0x00, 0x00, 0x00, 0x01, 0x00, 0x00, 0x00,
    0x00, 0x00, 0x00, 0x00, 0x05, 0x00, 0x00, 0x00, 0xB8, 0x0C, 0x00, 0x00, 0x01, 0x00, 0x00, 0x00,
    0xC4, 0x0C, 0x00, 0x00, 0x01, 0x00, 0x00, 0x00, 0x00, 0xE0, 0x00, 0x00, 0x00, 0xE0, 0x00, 0x00,
    0x00, 0xE0, 0x00, 0x00, 0x02, 0x60, 0x05, 0x00, 0x4F, 0xC0, 0x00, 0xE0, 0x00, 0xE0, 0x00, 0x00,
    0x00, 0xE0, 0x00, 0x00, 0x00, 0xE0, 0x00, 0x00, 0x00, 0xE0, 0x00, 0x00, 0x00, 0xE0, 0x00, 0x00,
    0x00, 0xE0, 0x00, 0x00, 0x00, 0xE0, 0x00, 0x00, 0x00, 0xE0, 0x00, 0x00, 0x00, 0xE0, 0x00, 0x00,
    0x04, 0x60, 0x05, 0x00, 0x4F, 0xC0, 0x00, 0xE0, 0x00, 0xE0, 0x00, 0x00, 0x00, 0xE0, 0x00, 0x00,
    0x00, 0xE0, 0x00, 0x00, 0x00, 0xE0, 0x00, 0x00, 0x00, 0xE0, 0x00, 0x00, 0x00, 0xE0, 0x00, 0x00,
    0x03, 0x60, 0x05, 0x00, 0x4F, 0xC0, 0x00, 0xE0, 0x00, 0xE0, 0x00, 0x00, 0x00, 0xE0, 0x00, 0x00,
    0x00, 0xE0, 0x00, 0x00, 0x00, 0xE0, 0x00, 0x00, 0x00, 0xE0, 0x00, 0x00, 0x00, 0xE0, 0x00, 0x00,
    0x05, 0x60, 0x05, 0x00, 0x4F, 0xC0, 0x00, 0xE0, 0x00, 0xE0, 0x00, 0x00, 0x00, 0xE0, 0x00, 0x00,
    0x00, 0xE0, 0x00, 0x00, 0x01, 0x00, 0x00, 0x00, 0x30, 0x0C, 0x00, 0x00, 0x00, 0x00, 0x00, 0x00,
    0x01, 0x00, 0x00, 0x00, 0x28, 0x0C, 0x00, 0x00, 0x00, 0x00, 0x00, 0x00, 0x00, 0xE0, 0x00, 0x00,
    0x00, 0xE0, 0x00, 0x00, 0x00, 0xE0, 0x00, 0x00, 0x03, 0x00, 0x00, 0xE0, 0x00, 0xE0, 0x00, 0x00,
    0x00, 0xE0, 0x00, 0x00, 0x00, 0xE0, 0x00, 0x00, 0x01, 0x00, 0x00, 0x00, 0x04, 0x0C, 0x00, 0x00,
    0x00, 0x00, 0x00, 0x00, 0x01, 0x00, 0x00, 0x00, 0xFC, 0x0B, 0x00, 0x00, 0x00, 0x00, 0x00, 0x00,
    0x00, 0xE0, 0x00, 0x00, 0x00, 0xE0, 0x00, 0x00, 0x00, 0xE0, 0x00, 0x00, 0x02, 0x00, 0x00, 0xE0,
    0x00, 0xE0, 0x00, 0x00, 0x00, 0xE0, 0x00, 0x00, 0x00, 0xE0, 0x00, 0x00, 0x01, 0x00, 0x00, 0x00,
    0xD8, 0x0B, 0x00, 0x00, 0x00, 0x00, 0x00, 0x00, 0x01, 0x00, 0x00, 0x00, 0xD0, 0x0B, 0x00, 0x00,
    0x00, 0x00, 0x00, 0x00, 0x00, 0xE0, 0x00, 0x00, 0x00, 0xE0, 0x00, 0x00, 0x00, 0xE0, 0x00, 0x00,
    0x03, 0x00, 0x00, 0xE0, 0x00, 0xE0, 0x00, 0x00, 0x00, 0xE0, 0x00, 0x00, 0x00, 0xE0, 0x00, 0x00,
    0x01, 0x00, 0x00, 0x00, 0xAC, 0x0B, 0x00, 0x00, 0x00, 0x00, 0x00, 0x00, 0x01, 0x00, 0x00, 0x00,
    0xA4, 0x0B, 0x00, 0x00, 0x00, 0x00, 0x00, 0x00, 0x00, 0xE0, 0x00, 0x00, 0x00, 0xE0, 0x00, 0x00,
    0x00, 0xE0, 0x00, 0x00, 0x02, 0x00, 0x00, 0xE0, 0x00, 0xE0, 0x00, 0x00, 0x00, 0xE0, 0x00, 0x00,
    0x00, 0xE0, 0x00, 0x00, 0x01, 0x00, 0x00, 0x00, 0x80, 0x0B, 0x00, 0x00, 0x00, 0x00, 0x00, 0x00,
    0x01, 0x00, 0x00, 0x00, 0x78, 0x0B, 0x00, 0x00, 0x00, 0x00, 0x00, 0x00, 0x00, 0xE0, 0x00, 0x00,
    0x00, 0xE0, 0x00, 0x00, 0x00, 0xE0, 0x00, 0x00, 0x03, 0x00, 0x00, 0xE0, 0x00, 0xE0, 0x00, 0x00,
    0x00, 0xE0, 0x00, 0x00, 0x00, 0xE0, 0x00, 0x00, 0x01, 0x00, 0x00, 0x00, 0x54, 0x0B, 0x00, 0x00,
    0x00, 0x00, 0x00, 0x00, 0x01, 0x00, 0x00, 0x00, 0x4C, 0x0B, 0x00, 0x00, 0x00, 0x00, 0x00, 0x00,
    0x00, 0xE0, 0x00, 0x00, 0x00, 0xE0, 0x00, 0x00, 0x00, 0xE0, 0x00, 0x00, 0x02, 0x00, 0x00, 0xE0,
    0x00, 0xE0, 0x00, 0x00, 0x00, 0xE0, 0x00, 0x00, 0x00, 0xE0, 0x00, 0x00, 0x01, 0x00, 0x00, 0x00,
    0x28, 0x0B, 0x00, 0x00, 0x00, 0x00, 0x00, 0x00, 0x01, 0x00, 0x00, 0x00, 0x20, 0x0B, 0x00, 0x00,
    0x00, 0x00, 0x00, 0x00, 0x00, 0xE0, 0x00, 0x00, 0x00, 0xE0, 0x00, 0x00, 0x00, 0xE0, 0x00, 0x00,
    0x03, 0x00, 0x00, 0xE0, 0x00, 0xE0, 0x00, 0x00, 0x00, 0xE0, 0x00, 0x00, 0x00, 0xE0, 0x00, 0x00,
    0x01, 0x00, 0x00, 0x00, 0xFC, 0x0A, 0x00, 0x00, 0x00, 0x00, 0x00, 0x00, 0x01, 0x00, 0x00, 0x00,
    0xF4, 0x0A, 0x00, 0x00, 0x00, 0x00, 0x00, 0x00, 0x00, 0xE0, 0x00, 0x00, 0x00, 0xE0, 0x00, 0x00,
    0x00, 0xE0, 0x00, 0x00, 0x02, 0x00, 0x00, 0xE0, 0x00, 0xE0, 0x00, 0x00, 0x00, 0xE0, 0x00, 0x00,
    0x00, 0xE0, 0x00, 0x00, 0x00, 0xE0, 0x00, 0x00, 0x00, 0xE0, 0x00, 0x00, 0x00, 0xE0, 0x00, 0x00,
    0x00, 0xE0, 0x00, 0x00, 0x00, 0xE0, 0x00, 0x00, 0x00, 0xE0, 0x00, 0x00, 0x00, 0xE0, 0x00, 0x00,
    0x00, 0xE0, 0x00, 0x00, 0x00, 0xE0, 0x00, 0x00, 0x00, 0xE0, 0x00, 0x00, 0x00, 0xE0, 0x00, 0x00,
    0x00, 0xE0, 0x00, 0x00, 0x00, 0xE0, 0x00, 0x00, 0x00, 0xE0, 0x00, 0x00, 0x00, 0xE0, 0x00, 0x00,
    0x00, 0x00, 0x00, 0x00, 0x00, 0x00, 0x00, 0x00, 0x01, 0x00, 0x00, 0x00, 0x8C, 0x0A, 0x00, 0x00,
    0x90, 0x0A, 0x00, 0x00, 0x00, 0x00, 0x00, 0x00, 0x00, 0x00, 0x00, 0x00, 0x01, 0x00, 0x00, 0x00,
    0x94, 0x0A, 0x00, 0x00, 0x98, 0x0A, 0x00, 0x00, 0x00, 0x00, 0x00, 0x00, 0x00, 0x00, 0x00, 0x00,
    0x01, 0x00, 0x00, 0x00, 0x90, 0x0A, 0x00, 0x00, 0x94, 0x0A, 0x00, 0x00, 0x00, 0x00, 0x00, 0x00,
    0x00, 0x00, 0x00, 0x00, 0x01, 0x00, 0x00, 0x00, 0x98, 0x0A, 0x00, 0x00, 0x9C, 0x0A, 0x00, 0x00,
    0x00, 0x00, 0x00, 0x00, 0x00, 0x00, 0x00, 0x00, 0x01, 0x00, 0x00, 0x00, 0x94, 0x0A, 0x00, 0x00,
    0x98, 0x0A, 0x00, 0x00, 0x00, 0x00, 0x00, 0x00, 0x00, 0x00, 0x00, 0x00, 0x01, 0x00, 0x00, 0x00,
    0x90, 0x0A, 0x00, 0x00, 0x94, 0x0A, 0x00, 0x00, 0x00, 0x00, 0x00, 0x00, 0x00, 0x00, 0x00, 0x00,
    0x01, 0x00, 0x00, 0x00, 0x8C, 0x0A, 0x00, 0x00, 0x90, 0x0A, 0x00, 0x00, 0x00, 0x00, 0x00, 0x00,
    0x00, 0x00, 0x00, 0x00, 0x01, 0x00, 0x00, 0x00, 0x94, 0x0A, 0x00, 0x00, 0x98, 0x0A, 0x00, 0x00,
    0x00, 0xE0, 0x00, 0x00, 0x00, 0xE0, 0x00, 0x00, 0x00, 0xE0, 0x00, 0x00, 0x00, 0x00, 0x00, 0x00,
    0x00, 0x00, 0x00, 0x00, 0x00, 0x00, 0x00, 0x00, 0x00, 0xE0, 0x00, 0x00, 0x00, 0xE0, 0x00, 0x00,
    0x00, 0xE0, 0x00, 0x00, 0x10, 0x00, 0x00, 0xE0, 0x00, 0xE0, 0x00, 0x00, 0x00, 0xE0, 0x00, 0x00,
    0x00, 0xE0, 0x00, 0x00, 0x08, 0x60, 0x05, 0x00, 0x4F, 0xC0, 0x00, 0xE0, 0x00, 0xE0, 0x00, 0x00,
    0x00, 0xE0, 0x00, 0x00, 0x00, 0xE0, 0x00, 0x00, 0x00, 0xE0, 0x00, 0x00, 0x00, 0xE0, 0x00, 0x00,
    0x00, 0xE0, 0x00, 0x00, 0x00, 0xE0, 0x00, 0x00, 0x00, 0xE0, 0x00, 0x00, 0x00, 0xE0, 0x00, 0x00,
    0x06, 0x60, 0x05, 0x00, 0x4F, 0xC0, 0x00, 0xE0, 0x00, 0xE0, 0x00, 0x00, 0x00, 0xE0, 0x00, 0x00,
    0x00, 0xE0, 0x00, 0x00, 0x00, 0xE0, 0x00, 0x00, 0x00, 0xE0, 0x00, 0x00, 0x00, 0xE0, 0x00, 0x00,
    0x09, 0x60, 0x05, 0x00, 0x4F, 0xC0, 0x00, 0xE0, 0x00, 0xE0, 0x00, 0x00, 0x00, 0xE0, 0x00, 0x00,
    0x00, 0xE0, 0x00, 0x00, 0x00, 0xE0, 0x00, 0x00, 0x00, 0xE0, 0x00, 0x00, 0x00, 0xE0, 0x00, 0x00,
    0x07, 0x60, 0x05, 0x00, 0x4F, 0xC0, 0x00, 0xE0, 0x00, 0xE0, 0x00, 0x00, 0x00, 0xE0, 0x00, 0x00,
    0x00, 0xE0, 0x00, 0x00, 0x01, 0x00, 0x00, 0x00, 0xF0, 0x09, 0x00, 0x00, 0x00, 0x00, 0x00, 0x00,
    0x01, 0x00, 0x00, 0x00, 0xE8, 0x09, 0x00, 0x00, 0x00, 0x00, 0x00, 0x00, 0x00, 0xE0, 0x00, 0x00,
    0x00, 0xE0, 0x00, 0x00, 0x00, 0xE0, 0x00, 0x00, 0x03, 0x00, 0x00, 0xE0, 0x00, 0xE0, 0x00, 0x00,
    0x00, 0xE0, 0x00, 0x00, 0x00, 0xE0, 0x00, 0x00, 0x01, 0x00, 0x00, 0x00, 0xC4, 0x09, 0x00, 0x00,
    0x00, 0x00, 0x00, 0x00, 0x01, 0x00, 0x00, 0x00, 0xBC, 0x09, 0x00, 0x00, 0x00, 0x00, 0x00, 0x00,
    0x00, 0xE0, 0x00, 0x00, 0x00, 0xE0, 0x00, 0x00, 0x00, 0xE0, 0x00, 0x00, 0x02, 0x00, 0x00, 0xE0,
    0x00, 0xE0, 0x00, 0x00, 0x00, 0xE0, 0x00, 0x00, 0x00, 0xE0, 0x00, 0x00, 0x01, 0x00, 0x00, 0x00,
    0x98, 0x09, 0x00, 0x00, 0x00, 0x00, 0x00, 0x00, 0x01, 0x00, 0x00, 0x00, 0x90, 0x09, 0x00, 0x00,
    0x00, 0x00, 0x00, 0x00, 0x00, 0xE0, 0x00, 0x00, 0x00, 0xE0, 0x00, 0x00, 0x00, 0xE0, 0x00, 0x00,
    0x03, 0x00, 0x00, 0xE0, 0x00, 0xE0, 0x00, 0x00, 0x00, 0xE0, 0x00, 0x00, 0x00, 0xE0, 0x00, 0x00,
    0x01, 0x00, 0x00, 0x00, 0x6C, 0x09, 0x00, 0x00, 0x00, 0x00, 0x00, 0x00, 0x01, 0x00, 0x00, 0x00,
    0x64, 0x09, 0x00, 0x00, 0x00, 0x00, 0x00, 0x00, 0x00, 0xE0, 0x00, 0x00, 0x00, 0xE0, 0x00, 0x00,
    0x00, 0xE0, 0x00, 0x00, 0x02, 0x00, 0x00, 0xE0, 0x00, 0xE0, 0x00, 0x00, 0x00, 0xE0, 0x00, 0x00,
    0x00, 0xE0, 0x00, 0x00, 0x01, 0x00, 0x00, 0x00, 0x40, 0x09, 0x00, 0x00, 0x00, 0x00, 0x00, 0x00,
    0x01, 0x00, 0x00, 0x00, 0x38, 0x09, 0x00, 0x00, 0x00, 0x00, 0x00, 0x00, 0x00, 0xE0, 0x00, 0x00,
    0x00, 0xE0, 0x00, 0x00, 0x00, 0xE0, 0x00, 0x00, 0x03, 0x00, 0x00, 0xE0, 0x00, 0xE0, 0x00, 0x00,
    0x00, 0xE0, 0x00, 0x00, 0x00, 0xE0, 0x00, 0x00, 0x01, 0x00, 0x00, 0x00, 0x14, 0x09, 0x00, 0x00,
    0x00, 0x00, 0x00, 0x00, 0x01, 0x00, 0x00, 0x00, 0x0C, 0x09, 0x00, 0x00, 0x00, 0x00, 0x00, 0x00,
    0x00, 0xE0, 0x00, 0x00, 0x00, 0xE0, 0x00, 0x00, 0x00, 0xE0, 0x00, 0x00, 0x02, 0x00, 0x00, 0xE0,
    0x00, 0xE0, 0x00, 0x00, 0x00, 0xE0, 0x00, 0x00, 0x00, 0xE0, 0x00, 0x00, 0x01, 0x00, 0x00, 0x00,
    0xE8, 0x08, 0x00, 0x00, 0x00, 0x00, 0x00, 0x00, 0x01, 0x00, 0x00, 0x00, 0xE0, 0x08, 0x00, 0x00,
    0x00, 0x00, 0x00, 0x00, 0x00, 0xE0, 0x00, 0x00, 0x00, 0xE0, 0x00, 0x00, 0x00, 0xE0, 0x00, 0x00,
    0x03, 0x00, 0x00, 0xE0, 0x00, 0xE0, 0x00, 0x00, 0x00, 0xE0, 0x00, 0x00, 0x00, 0xE0, 0x00, 0x00,
    0x01, 0x00, 0x00, 0x00, 0xBC, 0x08, 0x00, 0x00, 0x00, 0x00, 0x00, 0x00, 0x01, 0x00, 0x00, 0x00,
    0xB4, 0x08, 0x00, 0x00, 0x00, 0x00, 0x00, 0x00, 0x00, 0xE0, 0x00, 0x00, 0x00, 0xE0, 0x00, 0x00,
    0x00, 0xE0, 0x00, 0x00, 0x02, 0x00, 0x00, 0xE0, 0x00, 0xE0, 0x00, 0x00, 0x00, 0xE0, 0x00, 0x00,
    0x00, 0xE0, 0x00, 0x00, 0x00, 0xE0, 0x00, 0x00, 0x00, 0xE0, 0x00, 0x00, 0x00, 0xE0, 0x00, 0x00,
    0x00, 0xE0, 0x00, 0x00, 0x00, 0xE0, 0x00, 0x00, 0x00, 0xE0, 0x00, 0x00, 0x00, 0xE0, 0x00, 0x00,
    0x00, 0xE0, 0x00, 0x00, 0x00, 0xE0, 0x00, 0x00, 0x00, 0xE0, 0x00, 0x00, 0x00, 0xE0, 0x00, 0x00,
    0x00, 0xE0, 0x00, 0x00, 0x00, 0xE0, 0x00, 0x00, 0x00, 0xE0, 0x00, 0x00, 0x00, 0xE0, 0x00, 0x00,
    0x00, 0x00, 0x00, 0x00, 0x00, 0x00, 0x00, 0x00, 0x01, 0x00, 0x00, 0x00, 0x4C, 0x08, 0x00, 0x00,
    0x50, 0x08, 0x00, 0x00, 0x00, 0x00, 0x00, 0x00, 0x00, 0x00, 0x00, 0x00, 0x01, 0x00, 0x00, 0x00,
    0x48, 0x08, 0x00, 0x00, 0x4C, 0x08, 0x00, 0x00, 0x00, 0x00, 0x00, 0x00, 0x00, 0x00, 0x00, 0x00,
    0x01, 0x00, 0x00, 0x00, 0x50, 0x08, 0x00, 0x00, 0x54, 0x08, 0x00, 0x00, 0x00, 0x00, 0x00, 0x00,
    0x00, 0x00, 0x00, 0x00, 0x01, 0x00, 0x00, 0x00, 0x4C, 0x08, 0x00, 0x00, 0x50, 0x08, 0x00, 0x00,
    0x00, 0x00, 0x00, 0x00, 0x00, 0x00, 0x00, 0x00, 0x01, 0x00, 0x00, 0x00, 0x54, 0x08, 0x00, 0x00,
    0x58, 0x08, 0x00, 0x00, 0x00, 0x00, 0x00, 0x00, 0x00, 0x00, 0x00, 0x00, 0x01, 0x00, 0x00, 0x00,
    0x50, 0x08, 0x00, 0x00, 0x54, 0x08, 0x00, 0x00, 0x00, 0x00, 0x00, 0x00, 0x00, 0x00, 0x00, 0x00,
    0x01, 0x00, 0x00, 0x00, 0x58, 0x08, 0x00, 0x00, 0x5C, 0x08, 0x00, 0x00, 0x00, 0x00, 0x00, 0x00,
    0x00, 0x00, 0x00, 0x00, 0x01, 0x00, 0x00, 0x00, 0x54, 0x08, 0x00, 0x00, 0x58, 0x08, 0x00, 0x00,
    0x00, 0xE0, 0x00, 0x00, 0x00, 0xE0, 0x00, 0x00, 0x00, 0xE0, 0x00, 0x00, 0x00, 0x00, 0x00, 0x00,
    0x00, 0x00, 0x00, 0x00, 0x00, 0x00, 0x00, 0x00, 0x00, 0xE0, 0x00, 0x00, 0x00, 0xE0, 0x00, 0x00,
    0x00, 0xE0, 0x00, 0x00, 0x10, 0x00, 0x00, 0xE0, 0x00, 0xE0, 0x00, 0x00, 0x00, 0xE0, 0x00, 0x00,
    0x00, 0xE0, 0x00, 0x00, 0x00, 0x00, 0x00, 0x00, 0x00, 0x00, 0x00, 0x00, 0x00, 0x00, 0x00, 0x00,
    0x00, 0xE0, 0x00, 0x00, 0x00, 0xE0, 0x00, 0x00, 0x00, 0xE0, 0x00, 0x00, 0x0F, 0x00, 0x00, 0xE0,
    0x00, 0xE0, 0x00, 0x00, 0x00, 0xE0, 0x00, 0x00, 0x00, 0xE0, 0x00, 0x00, 0x0D, 0x60, 0x05, 0x00,
    0x4F, 0xC0, 0x00, 0xE0, 0x00, 0xE0, 0x00, 0x00, 0x00, 0xE0, 0x00, 0x00, 0x00, 0xE0, 0x00, 0x00,
    0x00, 0xE0, 0x00, 0x00, 0x00, 0xE0, 0x00, 0x00, 0x00, 0xE0, 0x00, 0x00, 0x00, 0xE0, 0x00, 0x00,
    0x00, 0xE0, 0x00, 0x00, 0x00, 0xE0, 0x00, 0x00, 0x0C, 0x60, 0x05, 0x00, 0x4F, 0xC0, 0x00, 0xE0,
    0x00, 0xE0, 0x00, 0x00, 0x00, 0xE0, 0x00, 0x00, 0x00, 0xE0, 0x00, 0x00, 0x01, 0x00, 0x00, 0x00,
    0xC8, 0x07, 0x00, 0x00, 0x00, 0x00, 0x00, 0x00, 0x01, 0x00, 0x00, 0x00, 0xC0, 0x07, 0x00, 0x00,
    0x00, 0x00, 0x00, 0x00, 0x00, 0xE0, 0x00, 0x00, 0x00, 0xE0, 0x00, 0x00, 0x00, 0xE0, 0x00, 0x00,
    0x03, 0x00, 0x00, 0xE0, 0x00, 0xE0, 0x00, 0x00, 0x00, 0xE0, 0x00, 0x00, 0x00, 0xE0, 0x00, 0x00,
    0x01, 0x00, 0x00, 0x00, 0x9C, 0x07, 0x00, 0x00, 0x00, 0x00, 0x00, 0x00, 0x01, 0x00, 0x00, 0x00,
    0x94, 0x07, 0x00, 0x00, 0x00, 0x00, 0x00, 0x00, 0x00, 0xE0, 0x00, 0x00, 0x00, 0xE0, 0x00, 0x00,
    0x00, 0xE0, 0x00, 0x00, 0x02, 0x00, 0x00, 0xE0, 0x00, 0xE0, 0x00, 0x00, 0x00, 0xE0, 0x00, 0x00,
    0x00, 0xE0, 0x00, 0x00, 0x01, 0x00, 0x00, 0x00, 0x70, 0x07, 0x00, 0x00, 0x00, 0x00, 0x00, 0x00,
    0x01, 0x00, 0x00, 0x00, 0x68, 0x07, 0x00, 0x00, 0x00, 0x00, 0x00, 0x00, 0x00, 0xE0, 0x00, 0x00,
    0x00, 0xE0, 0x00, 0x00, 0x00, 0xE0, 0x00, 0x00, 0x03, 0x00, 0x00, 0xE0, 0x00, 0xE0, 0x00, 0x00,
    0x00, 0xE0, 0x00, 0x00, 0x00, 0xE0, 0x00, 0x00, 0x01, 0x00, 0x00, 0x00, 0x44, 0x07, 0x00, 0x00,
    0x00, 0x00, 0x00, 0x00, 0x01, 0x00, 0x00, 0x00, 0x3C, 0x07, 0x00, 0x00, 0x00, 0x00, 0x00, 0x00,
    0x00, 0xE0, 0x00, 0x00, 0x00, 0xE0, 0x00, 0x00, 0x00, 0xE0, 0x00, 0x00, 0x02, 0x00, 0x00, 0xE0,
    0x00, 0xE0, 0x00, 0x00, 0x00, 0xE0, 0x00, 0x00, 0x00, 0xE0, 0x00, 0x00, 0x00, 0xE0, 0x00, 0x00,
    0x00, 0xE0, 0x00, 0x00, 0x00, 0xE0, 0x00, 0x00, 0x00, 0xE0, 0x00, 0x00, 0x00, 0xE0, 0x00, 0x00,
    0x00, 0xE0, 0x00, 0x00, 0x00, 0xE0, 0x00, 0x00, 0x00, 0xE0, 0x00, 0x00, 0x00, 0xE0, 0x00, 0x00,
    0x00, 0xE0, 0x00, 0x00, 0x00, 0xE0, 0x00, 0x00, 0x00, 0xE0, 0x00, 0x00, 0x0B, 0x60, 0x00, 0xF0,
    0x02, 0x00, 0x00, 0x00, 0x01, 0x00, 0x00, 0x00, 0xE0, 0x06, 0x00, 0x00, 0x00, 0x00, 0x00, 0x00,
    0x01, 0x00, 0x00, 0x00, 0xD8, 0x06, 0x00, 0x00, 0x00, 0x00, 0x00, 0x00, 0x00, 0xE0, 0x00, 0x00,
    0x00, 0xE0, 0x00, 0x00, 0x00, 0xE0, 0x00, 0x00, 0x0A, 0x60, 0x00, 0xF0, 0x02, 0x00, 0x00, 0x00,
    0x01, 0x00, 0x00, 0x00, 0xBC, 0x06, 0x00, 0x00, 0x00, 0x00, 0x00, 0x00, 0x01, 0x00, 0x00, 0x00,
    0xB4, 0x06, 0x00, 0x00, 0x00, 0x00, 0x00, 0x00, 0x00, 0x00, 0x00, 0x00, 0x00, 0x00, 0x00, 0x00,
    0x01, 0x00, 0x00, 0x00, 0xA4, 0x06, 0x00, 0x00, 0xA8, 0x06, 0x00, 0x00, 0x00, 0x00, 0x00, 0x00,
    0x00, 0x00, 0x00, 0x00, 0x01, 0x00, 0x00, 0x00, 0xA0, 0x06, 0x00, 0x00, 0xA4, 0x06, 0x00, 0x00,
    0x00, 0x00, 0x00, 0x00, 0x00, 0x00, 0x00, 0x00, 0x01, 0x00, 0x00, 0x00, 0xA8, 0x06, 0x00, 0x00,
    0xAC, 0x06, 0x00, 0x00, 0x00, 0x00, 0x00, 0x00, 0x00, 0x00, 0x00, 0x00, 0x01, 0x00, 0x00, 0x00,
    0xA4, 0x06, 0x00, 0x00, 0xA8, 0x06, 0x00, 0x00, 0x00, 0x00, 0x00, 0x00, 0x00, 0x00, 0x00, 0x00,
    0x01, 0x00, 0x00, 0x00, 0xAC, 0x06, 0x00, 0x00, 0xB0, 0x06, 0x00, 0x00, 0x00, 0x00, 0x00, 0x00,
    0x00, 0x00, 0x00, 0x00, 0x01, 0x00, 0x00, 0x00, 0xA4, 0x06, 0x00, 0x00, 0xA8, 0x06, 0x00, 0x00,
    0x00, 0x00, 0x00, 0x00, 0x00, 0x00, 0x00, 0x00, 0x01, 0x00, 0x00, 0x00, 0x9C, 0x06, 0x00, 0x00,
    0xA0, 0x06, 0x00, 0x00, 0x00, 0x00, 0x00, 0x00, 0x00, 0x00, 0x00, 0x00, 0x01, 0x00, 0x00, 0x00,
    0x94, 0x06, 0x00, 0x00, 0x98, 0x06, 0x00, 0x00, 0x00, 0xE0, 0x00, 0x00, 0x00, 0xE0, 0x00, 0x00,
    0x00, 0xE0, 0x00, 0x00, 0x00, 0x00, 0x00, 0x00, 0x00, 0x00, 0x00, 0x00, 0x00, 0x00, 0x00, 0x00,
    0x00, 0xE0, 0x00, 0x00, 0x00, 0xE0, 0x00, 0x00, 0x00, 0xE0, 0x00, 0x00, 0x10, 0x00, 0x00, 0xE0,
    0x00, 0xE0, 0x00, 0x00, 0x00, 0xE0, 0x00, 0x00, 0x00, 0xE0, 0x00, 0x00, 0x00, 0x00, 0x00, 0x00,
    0x00, 0x00, 0x00, 0x00, 0x00, 0x00, 0x00, 0x00, 0x00, 0xE0, 0x00, 0x00, 0x00, 0xE0, 0x00, 0x00,
    0x00, 0xE0, 0x00, 0x00, 0x0F, 0x00, 0x00, 0xE0, 0x00, 0xE0, 0x00, 0x00, 0x00, 0xE0, 0x00, 0x00,
    0x00, 0xE0, 0x00, 0x00, 0x11, 0x60, 0x05, 0x00, 0x4F, 0xC0, 0x00, 0xE0, 0x00, 0xE0, 0x00, 0x00,
    0x00, 0xE0, 0x00, 0x00, 0x00, 0xE0, 0x00, 0x00, 0x00, 0xE0, 0x00, 0x00, 0x00, 0xE0, 0x00, 0x00,
    0x00, 0xE0, 0x00, 0x00, 0x01, 0x00, 0x00, 0x00, 0x18, 0x06, 0x00, 0x00, 0x00, 0x00, 0x00, 0x00,
    0x01, 0x00, 0x00, 0x00, 0x10, 0x06, 0x00, 0x00, 0x00, 0x00, 0x00, 0x00, 0x00, 0xE0, 0x00, 0x00,
    0x00, 0xE0, 0x00, 0x00, 0x00, 0xE0, 0x00, 0x00, 0x03, 0x00, 0x00, 0xE0, 0x00, 0xE0, 0x00, 0x00,
    0x00, 0xE0, 0x00, 0x00, 0x00, 0xE0, 0x00, 0x00, 0x01, 0x00, 0x00, 0x00, 0xEC, 0x05, 0x00, 0x00,
    0x00, 0x00, 0x00, 0x00, 0x01, 0x00, 0x00, 0x00, 0xE4, 0x05, 0x00, 0x00, 0x00, 0x00, 0x00, 0x00,
    0x00, 0xE0, 0x00, 0x00, 0x00, 0xE0, 0x00, 0x00, 0x00, 0xE0, 0x00, 0x00, 0x02, 0x00, 0x00, 0xE0,
    0x00, 0xE0, 0x00, 0x00, 0x00, 0xE0, 0x00, 0x00, 0x00, 0xE0, 0x00, 0x00, 0x00, 0xE0, 0x00, 0x00,
    0x00, 0xE0, 0x00, 0x00, 0x00, 0xE0, 0x00, 0x00, 0x00, 0xE0, 0x00, 0x00, 0x00, 0xE0, 0x00, 0x00,
    0x00, 0xE0, 0x00, 0x00, 0x00, 0xE0, 0x00, 0x00, 0x00, 0xE0, 0x00, 0x00, 0x00, 0xE0, 0x00, 0x00,
    0x00, 0xE0, 0x00, 0x00, 0x00, 0xE0, 0x00, 0x00, 0x00, 0xE0, 0x00, 0x00, 0x10, 0x60, 0x00, 0xF0,
    0x02, 0x00, 0x00, 0x00, 0x01, 0x00, 0x00, 0x00, 0x88, 0x05, 0x00, 0x00, 0x00, 0x00, 0x00, 0x00,
    0x01, 0x00, 0x00, 0x00, 0x80, 0x05, 0x00, 0x00, 0x00, 0x00, 0x00, 0x00, 0x00, 0xE0, 0x00, 0x00,
    0x00, 0xE0, 0x00, 0x00, 0x00, 0xE0, 0x00, 0x00, 0x0E, 0x60, 0x00, 0xF0, 0x02, 0x00, 0x00, 0x00,
    0x01, 0x00, 0x00, 0x00, 0x64, 0x05, 0x00, 0x00, 0x00, 0x00, 0x00, 0x00, 0x01, 0x00, 0x00, 0x00,
    0x5C, 0x05, 0x00, 0x00, 0x00, 0x00, 0x00, 0x00, 0x00, 0xE0, 0x00, 0x00, 0x00, 0xE0, 0x00, 0x00,
    0x00, 0xE0, 0x00, 0x00, 0x0F, 0x60, 0x00, 0xF0, 0x02, 0x00, 0x00, 0x00, 0x01, 0x00, 0x00, 0x00,
    0x40, 0x05, 0x00, 0x00, 0x00, 0x00, 0x00, 0x00, 0x01, 0x00, 0x00, 0x00, 0x38, 0x05, 0x00, 0x00,
    0x00, 0x00, 0x00, 0x00, 0x00, 0xE0, 0x00, 0x00, 0x00, 0xE0, 0x00, 0x00, 0x00, 0xE0, 0x00, 0x00,
    0x01, 0x00, 0x00, 0x00, 0x24, 0x05, 0x00, 0x00, 0x00, 0x00, 0x00, 0x00, 0x00, 0xE0, 0x00, 0x00,
    0x00, 0xE0, 0x00, 0x00, 0x00, 0xE0, 0x00, 0x00, 0x17, 0x00, 0x00, 0xE0, 0x00, 0xE0, 0x00, 0x00,
    0x00, 0xE0, 0x00, 0x00, 0x00, 0xE0, 0x00, 0x00, 0x01, 0x00, 0x00, 0x00, 0x00, 0x05, 0x00, 0x00,
    0x00, 0x00, 0x00, 0x00, 0x00, 0xE0, 0x00, 0x00, 0x00, 0xE0, 0x00, 0x00, 0x00, 0xE0, 0x00, 0x00,
    0x18, 0x00, 0x00, 0xE0, 0x00, 0xE0, 0x00, 0x00, 0x00, 0xE0, 0x00, 0x00, 0x00, 0xE0, 0x00, 0x00,
    0x00, 0xE0, 0x00, 0x00, 0x00, 0xE0, 0x00, 0x00, 0x00, 0xE0, 0x00, 0x00, 0x19, 0x00, 0x00, 0xE0,
    0x00, 0xE0, 0x00, 0x00, 0x00, 0xE0, 0x00, 0x00, 0x00, 0xE0, 0x00, 0x00, 0x00, 0xE0, 0x00, 0x00,
    0x00, 0xE0, 0x00, 0x00, 0x00, 0xE0, 0x00, 0x00, 0x00, 0xE0, 0x00, 0x00, 0x00, 0xE0, 0x00, 0x00,
    0x00, 0xE0, 0x00, 0x00, 0x00, 0xE0, 0x00, 0x00, 0x00, 0xE0, 0x00, 0x00, 0x00, 0xE0, 0x00, 0x00,
    0x00, 0xE0, 0x00, 0x00, 0x00, 0xE0, 0x00, 0x00, 0x00, 0xE0, 0x00, 0x00, 0x00, 0xE0, 0x00, 0x00,
    0x00, 0xE0, 0x00, 0x00, 0x00, 0xE0, 0x00, 0x00, 0x00, 0x00, 0x00, 0x00, 0x00, 0x00, 0x00, 0x00,
    0x01, 0x00, 0x00, 0x00, 0x7C, 0x04, 0x00, 0x00, 0x80, 0x04, 0x00, 0x00, 0x00, 0x00, 0x00, 0x00,
    0x00, 0x00, 0x00, 0x00, 0x01, 0x00, 0x00, 0x00, 0x78, 0x04, 0x00, 0x00, 0x7C, 0x04, 0x00, 0x00,
    0x01, 0x00, 0x00, 0x00, 0x88, 0x04, 0x00, 0x00, 0x01, 0x00, 0x00, 0x00, 0x00, 0x00, 0x00, 0x00,
    0x00, 0x00, 0x00, 0x00, 0x01, 0x00, 0x00, 0x00, 0x00, 0x00, 0x00, 0x00, 0x05, 0x00, 0x00, 0x00,
    0x70, 0x04, 0x00, 0x00, 0x00, 0x00, 0x00, 0x00, 0x00, 0x00, 0x00, 0x00, 0x01, 0x00, 0x00, 0x00,
    0x74, 0x04, 0x00, 0x00, 0x78, 0x04, 0x00, 0x00, 0x00, 0x00, 0x00, 0x00, 0x00, 0x00, 0x00, 0x00,
    0x01, 0x00, 0x00, 0x00, 0x6C, 0x04, 0x00, 0x00, 0x70, 0x04, 0x00, 0x00, 0x00, 0x00, 0x00, 0x00,
    0x00, 0x00, 0x00, 0x00, 0x01, 0x00, 0x00, 0x00, 0x64, 0x04, 0x00, 0x00, 0x68, 0x04, 0x00, 0x00,
    0x00, 0x00, 0x00, 0x00, 0x00, 0x00, 0x00, 0x00, 0x01, 0x00, 0x00, 0x00, 0x5C, 0x04, 0x00, 0x00,
    0x60, 0x04, 0x00, 0x00, 0x00, 0x00, 0x00, 0x00, 0x00, 0x00, 0x00, 0x00, 0x01, 0x00, 0x00, 0x00,
    0x54, 0x04, 0x00, 0x00, 0x58, 0x04, 0x00, 0x00, 0x00, 0x00, 0x00, 0x00, 0x00, 0x00, 0x00, 0x00,
    0x01, 0x00, 0x00, 0x00, 0x4C, 0x04, 0x00, 0x00, 0x50, 0x04, 0x00, 0x00, 0x00, 0xE0, 0x00, 0x00,
    0x00, 0xE0, 0x00, 0x00, 0x00, 0xE0, 0x00, 0x00, 0x00, 0x00, 0x00, 0x00, 0x00, 0x00, 0x00, 0x00,
    0x00, 0x00, 0x00, 0x00, 0x00, 0xE0, 0x00, 0x00, 0x00, 0xE0, 0x00, 0x00, 0x00, 0xE0, 0x00, 0x00,
    0x0F, 0x00, 0x00, 0xE0, 0x00, 0x00, 0x00, 0x00, 0x00, 0x00, 0x00, 0x00, 0x01, 0x00, 0x00, 0x00,
    0x00, 0x00, 0x00, 0x00, 0x05, 0x00, 0x00, 0x00, 0x14, 0x04, 0x00, 0x00, 0x24, 0x04, 0x00, 0x00,
    0x24, 0x04, 0x00, 0x00, 0x24, 0x04, 0x00, 0x00, 0x24, 0x04, 0x00, 0x00, 0x24, 0x04, 0x00, 0x00,
    0x24, 0x04, 0x00, 0x00, 0x24, 0x04, 0x00, 0x00, 0x24, 0x04, 0x00, 0x00, 0x24, 0x04, 0x00, 0x00,
    0x24, 0x04, 0x00, 0x00, 0x24, 0x04, 0x00, 0x00, 0x24, 0x04, 0x00, 0x00, 0x24, 0x04, 0x00, 0x00,
    0x24, 0x04, 0x00, 0x00, 0x24, 0x04, 0x00, 0x00, 0x24, 0x04, 0x00, 0x00, 0x24, 0x04, 0x00, 0x00,
    0x24, 0x04, 0x00, 0x00, 0x24, 0x04, 0x00, 0x00, 0x24, 0x04, 0x00, 0x00, 0x24, 0x04, 0x00, 0x00,
    0x24, 0x04, 0x00, 0x00, 0x24, 0x04, 0x00, 0x00, 0x24, 0x04, 0x00, 0x00, 0x24, 0x04, 0x00, 0x00,
    0x24, 0x04, 0x00, 0x00, 0x24, 0x04, 0x00, 0x00, 0x24, 0x04, 0x00, 0x00, 0x24, 0x04, 0x00, 0x00,
    0x24, 0x04, 0x00, 0x00, 0x24, 0x04, 0x00, 0x00, 0x24, 0x04, 0x00, 0x00, 0x24, 0x04, 0x00, 0x00,
    0x24, 0x04, 0x00, 0x00, 0x24, 0x04, 0x00, 0x00, 0x24, 0x04, 0x00, 0x00, 0x24, 0x04, 0x00, 0x00,
    0x24, 0x04, 0x00, 0x00, 0x24, 0x04, 0x00, 0x00, 0x24, 0x04, 0x00, 0x00, 0x24, 0x04, 0x00, 0x00,
    0x24, 0x04, 0x00, 0x00, 0x24, 0x04, 0x00, 0x00, 0x24, 0x04, 0x00, 0x00, 0x24, 0x04, 0x00, 0x00,
    0x24, 0x04, 0x00, 0x00, 0x24, 0x04, 0x00, 0x00, 0x24, 0x04, 0x00, 0x00, 0x24, 0x04, 0x00, 0x00,
    0x24, 0x04, 0x00, 0x00, 0x24, 0x04, 0x00, 0x00, 0x24, 0x04, 0x00, 0x00, 0x24, 0x04, 0x00, 0x00,
    0x24, 0x04, 0x00, 0x00, 0x24, 0x04, 0x00, 0x00, 0x24, 0x04, 0x00, 0x00, 0x24, 0x04, 0x00, 0x00,
    0x24, 0x04, 0x00, 0x00, 0x24, 0x04, 0x00, 0x00, 0x24, 0x04, 0x00, 0x00, 0x24, 0x04, 0x00, 0x00,
    0x24, 0x04, 0x00, 0x00, 0x24, 0x04, 0x00, 0x00, 0x04, 0x60, 0x00, 0xF0, 0x0B, 0x00, 0x00, 0x00,
    0x04, 0x60, 0x14, 0x00, 0x0C, 0xC0, 0x15, 0x00, 0x04, 0x60, 0x14, 0x00, 0x01, 0xC0, 0x16, 0xC0,
    0x00, 0xE0, 0x00, 0x00, 0x04, 0x60, 0x00, 0xF0, 0x0B, 0x00, 0x00, 0x00, 0x04, 0x60, 0x14, 0x00,
    0x00, 0xC0, 0x00, 0xE0, 0x05, 0x60, 0x00, 0xF0, 0x0B, 0x00, 0x00, 0x00, 0x05, 0x60, 0x14, 0x00,
    0x0C, 0xC0, 0x15, 0x00, 0x05, 0x60, 0x14, 0x00, 0x01, 0xC0, 0x16, 0xC0, 0x00, 0xE0, 0x00, 0x00,
    0x05, 0x60, 0x00, 0xF0, 0x0B, 0x00, 0x00, 0x00, 0x05, 0x60, 0x14, 0x00, 0x00, 0xC0, 0x00, 0xE0,
    0x02, 0x60, 0x00, 0xF0, 0x0B, 0x00, 0x00, 0x00, 0x02, 0x60, 0x14, 0x00, 0x00, 0xC0, 0x00, 0xE0,
    0x03, 0x60, 0x00, 0xF0, 0x0B, 0x00, 0x00, 0x00, 0x03, 0x60, 0x14, 0x00, 0x00, 0xC0, 0x00, 0xE0,
    0x02, 0x60, 0x00, 0xF0, 0x0B, 0x00, 0x00, 0x00, 0x02, 0x60, 0x14, 0x00, 0x0C, 0xC0, 0x15, 0x00,
    0x02, 0x60, 0x14, 0x00, 0x01, 0xC0, 0x16, 0xC0, 0x00, 0xE0, 0x00, 0x00, 0x03, 0x60, 0x00, 0xF0,
    0x0B, 0x00, 0x00, 0x00, 0x03, 0x60, 0x14, 0x00, 0x0C, 0xC0, 0x15, 0x00, 0x03, 0x60, 0x14, 0x00,
    0x01, 0xC0, 0x16, 0xC0, 0x00, 0xE0, 0x00, 0x00, 0x74, 0x03, 0x00, 0x00, 0x74, 0x03, 0x00, 0x00,
    0x74, 0x03, 0x00, 0x00, 0x74, 0x03, 0x00, 0x00, 0x74, 0x03, 0x00, 0x00, 0x74, 0x03, 0x00, 0x00,
    0x74, 0x03, 0x00, 0x00, 0x74, 0x03, 0x00, 0x00, 0x74, 0x03, 0x00, 0x00, 0x74, 0x03, 0x00, 0x00,
    0x74, 0x03, 0x00, 0x00, 0x74, 0x03, 0x00, 0x00, 0x74, 0x03, 0x00, 0x00, 0x74, 0x03, 0x00, 0x00,
    0x74, 0x03, 0x00, 0x00, 0x74, 0x03, 0x00, 0x00, 0x06, 0x60, 0x00, 0xF0, 0x0B, 0x00, 0x00, 0x00,
    0x06, 0x60, 0x14, 0x00, 0x00, 0xC0, 0x00, 0xE0, 0x06, 0x60, 0x00, 0xF0, 0x0B, 0x00, 0x00, 0x00,
    0x06, 0x60, 0x14, 0x00, 0x0C, 0xC0, 0x15, 0x00, 0x06, 0x60, 0x14, 0x00, 0x01, 0xC0, 0x16, 0xC0,
    0x00, 0xE0, 0x00, 0x00, 0x07, 0x60, 0x00, 0xF0, 0x0B, 0x00, 0x00, 0x00, 0x07, 0x60, 0x14, 0x00,
    0x00, 0xC0, 0x00, 0xE0, 0x07, 0x60, 0x00, 0xF0, 0x0B, 0x00, 0x00, 0x00, 0x07, 0x60, 0x14, 0x00,
    0x0C, 0xC0, 0x15, 0x00, 0x07, 0x60, 0x14, 0x00, 0x01, 0xC0, 0x16, 0xC0, 0x00, 0xE0, 0x00, 0x00,
    0x08, 0x60, 0x00, 0xF0, 0x0B, 0x00, 0x00, 0x00, 0x08, 0x60, 0x14, 0x00, 0x00, 0xC0, 0x00, 0xE0,
    0x08, 0x60, 0x00, 0xF0, 0x0B, 0x00, 0x00, 0x00, 0x08, 0x60, 0x14, 0x00, 0x0C, 0xC0, 0x15, 0x00,
    0x08, 0x60, 0x14, 0x00, 0x01, 0xC0, 0x16, 0xC0, 0x00, 0xE0, 0x00, 0x00, 0x09, 0x60, 0x00, 0xF0,
    0x0B, 0x00, 0x00, 0x00, 0x09, 0x60, 0x14, 0x00, 0x00, 0xC0, 0x00, 0xE0, 0x09, 0x60, 0x00, 0xF0,
    0x0B, 0x00, 0x00, 0x00, 0x09, 0x60, 0x14, 0x00, 0x0C, 0xC0, 0x15, 0x00, 0x09, 0x60, 0x14, 0x00,
    0x01, 0xC0, 0x16, 0xC0, 0x00, 0xE0, 0x00, 0x00, 0xC4, 0x02, 0x00, 0x00, 0xC4, 0x02, 0x00, 0x00,
    0xC4, 0x02, 0x00, 0x00, 0xC4, 0x02, 0x00, 0x00, 0xC4, 0x02, 0x00, 0x00, 0xC4, 0x02, 0x00, 0x00,
    0xC4, 0x02, 0x00, 0x00, 0xC4, 0x02, 0x00, 0x00, 0xC4, 0x02, 0x00, 0x00, 0xC4, 0x02, 0x00, 0x00,
    0xC4, 0x02, 0x00, 0x00, 0xC4, 0x02, 0x00, 0x00, 0x0D, 0x60, 0x00, 0xF0, 0x0B, 0x00, 0x00, 0x00,
    0x0D, 0x60, 0x14, 0x00, 0x00, 0xC0, 0x00, 0xE0, 0x0D, 0x60, 0x00, 0xF0, 0x0B, 0x00, 0x00, 0x00,
    0x0D, 0x60, 0x14, 0x00, 0x0C, 0xC0, 0x15, 0x00, 0x0D, 0x60, 0x14, 0x00, 0x01, 0xC0, 0x16, 0xC0,
    0x00, 0xE0, 0x00, 0x00, 0x0C, 0x60, 0x00, 0xF0, 0x0B, 0x00, 0x00, 0x00, 0x0C, 0x60, 0x14, 0x00,
    0x00, 0xC0, 0x00, 0xE0, 0x0C, 0x60, 0x00, 0xF0, 0x0B, 0x00, 0x00, 0x00, 0x0C, 0x60, 0x14, 0x00,
    0x0C, 0xC0, 0x15, 0x00, 0x0C, 0x60, 0x14, 0x00, 0x01, 0xC0, 0x16, 0xC0, 0x00, 0xE0, 0x00, 0x00,
    0x0A, 0x60, 0x00, 0xF0, 0x02, 0x00, 0x00, 0x00, 0x0A, 0x00, 0x00, 0xE0, 0x0A, 0x60, 0x00, 0xF0,
    0x02, 0x00, 0x00, 0x00, 0x16, 0x00, 0x00, 0xE0, 0x0B, 0x60, 0x00, 0xF0, 0x02, 0x00, 0x00, 0x00,
    0x0A, 0x00, 0x00, 0xE0, 0x0B, 0x60, 0x00, 0xF0, 0x02, 0x00, 0x00, 0x00, 0x16, 0x00, 0x00, 0xE0,
    0x3C, 0x02, 0x00, 0x00, 0x3C, 0x02, 0x00, 0x00, 0x3C, 0x02, 0x00, 0x00, 0x3C, 0x02, 0x00, 0x00,
    0x3C, 0x02, 0x00, 0x00, 0x3C, 0x02, 0x00, 0x00, 0x3C, 0x02, 0x00, 0x00, 0x3C, 0x02, 0x00, 0x00,
    0x3C, 0x02, 0x00, 0x00, 0x3C, 0x02, 0x00, 0x00, 0x3C, 0x02, 0x00, 0x00, 0x3C, 0x02, 0x00, 0x00,
    0x11, 0x60, 0x00, 0xF0, 0x0B, 0x00, 0x00, 0x00, 0x11, 0x60, 0x14, 0x00, 0x00, 0xC0, 0x00, 0xE0,
    0x11, 0x60, 0x00, 0xF0, 0x0B, 0x00, 0x00, 0x00, 0x11, 0x60, 0x14, 0x00, 0x0C, 0xC0, 0x11, 0x60,
    0x11, 0x60, 0x14, 0x00, 0x01, 0xC0, 0x16, 0xC0, 0x00, 0xE0, 0x00, 0x00, 0x10, 0x02, 0x00, 0x00,
    0x10, 0x02, 0x00, 0x00, 0x10, 0x02, 0x00, 0x00, 0x10, 0x02, 0x00, 0x00, 0x10, 0x02, 0x00, 0x00,
    0x10, 0x02, 0x00, 0x00, 0x10, 0x60, 0x00, 0xF0, 0x02, 0x00, 0x00, 0x00, 0x0A, 0x00, 0x00, 0xE0,
    0x10, 0x60, 0x00, 0xF0, 0x02, 0x00, 0x00, 0x00, 0x16, 0x00, 0x00, 0xE0, 0x0E, 0x60, 0x00, 0xF0,
    0x02, 0x00, 0x00, 0x00, 0x0A, 0x00, 0x00, 0xE0, 0x0E, 0x60, 0x00, 0xF0, 0x02, 0x00, 0x00, 0x00,
    0x16, 0x00, 0x00, 0xE0, 0x0F, 0x60, 0x00, 0xF0, 0x02, 0x00, 0x00, 0x00, 0x0A, 0x00, 0x00, 0xE0,
    0x0F, 0x60, 0x00, 0xF0, 0x02, 0x00, 0x00, 0x00, 0x16, 0x00, 0x00, 0xE0, 0xC8, 0x01, 0x00, 0x00,
    0xC8, 0x01, 0x00, 0x00, 0xC8, 0x01, 0x00, 0x00, 0xC8, 0x01, 0x00, 0x00, 0xC8, 0x01, 0x00, 0x00,
    0x1A, 0x00, 0x00, 0x00, 0x06, 0x00, 0x00, 0xE0, 0x07, 0x00, 0x00, 0xE0, 0x08, 0x00, 0x00, 0xE0,
    0x09, 0x00, 0x00, 0xE0, 0x0A, 0x00, 0x00, 0xE0, 0x19, 0x00, 0x01, 0x00, 0x09, 0x00, 0x00, 0x00,
    0x09, 0x00, 0x00, 0x00, 0x0D, 0x00, 0x00, 0xE0, 0x08, 0x00, 0x00, 0xE0, 0x09, 0x00, 0x00, 0xE0,
    0x08, 0x00, 0x01, 0x00, 0x0F, 0x00, 0x00, 0x00, 0x11, 0x00, 0x00, 0xE0, 0x0D, 0x00, 0x00, 0xE0,
    0x08, 0x00, 0x00, 0xE0, 0x09, 0x00, 0x00, 0xE0, 0x0A, 0x00, 0x00, 0xE0, 0x0E, 0x00, 0x01, 0x00,
    0x09, 0x00, 0x00, 0x00, 0x11, 0x00, 0x00, 0xE0, 0x0D, 0x00, 0x00, 0xE0, 0x08, 0x00, 0x00, 0xE0,
    0x09, 0x00, 0x00, 0xE0, 0x0A, 0x00, 0x00, 0xE0, 0x08, 0x00, 0x01, 0x00, 0x0D, 0x00, 0x00, 0x00,
    0x0E, 0x00, 0x01, 0x00, 0x11, 0x00, 0x00, 0xE0, 0x0D, 0x00, 0x00, 0xE0, 0x08, 0x00, 0x00, 0xE0,
    0x09, 0x00, 0x00, 0xE0, 0x0A, 0x00, 0x00, 0xE0, 0x0F, 0x00, 0x02, 0x00, 0x11, 0x00, 0x00, 0xE0,
    0x0D, 0x00, 0x00, 0xE0, 0x08, 0x00, 0x00, 0xE0, 0x09, 0x00, 0x00, 0xE0, 0x0A, 0x00, 0x00, 0xE0,
    0x04, 0x00, 0x00, 0x00, 0x13, 0x00, 0x00, 0xE0, 0x0D, 0x00, 0x00, 0xE0, 0x08, 0x00, 0x00, 0xE0,
    0x09, 0x00, 0x00, 0xE0, 0x0A, 0x00, 0x00, 0xE0, 0x03, 0x00, 0x01, 0x00, 0x25, 0x00, 0x00, 0x00,
    0x25, 0x00, 0x00, 0x00, 0x23, 0x00, 0x01, 0x00, 0x23, 0x00, 0x01, 0x00, 0x24, 0x00, 0x02, 0x00,
    0x24, 0x00, 0x02, 0x00, 0x22, 0x00, 0x03, 0x00, 0x22, 0x00, 0x03, 0x00, 0x20, 0x00, 0x04, 0x00,
    0x20, 0x00, 0x04, 0x00, 0x21, 0x00, 0x05, 0x00, 0x21, 0x00, 0x05, 0x00, 0x1E, 0x00, 0x06, 0x00,
    0x1E, 0x00, 0x06, 0x00, 0x1F, 0x00, 0x07, 0x00, 0x1F, 0x00, 0x07, 0x00, 0x25, 0x00, 0x00, 0x00,
    0x25, 0x00, 0x00, 0x00, 0x24, 0x00, 0x01, 0x00, 0x24, 0x00, 0x01, 0x00, 0x23, 0x00, 0x02, 0x00,
    0x23, 0x00, 0x02, 0x00, 0x22, 0x00, 0x03, 0x00, 0x22, 0x00, 0x03, 0x00, 0x21, 0x00, 0x04, 0x00,
    0x21, 0x00, 0x04, 0x00, 0x20, 0x00, 0x05, 0x00, 0x20, 0x00, 0x05, 0x00, 0x1F, 0x00, 0x06, 0x00,
    0x1F, 0x00, 0x06, 0x00, 0x1E, 0x00, 0x07, 0x00, 0x1E, 0x00, 0x07, 0x00, 0x13, 0x00, 0x00, 0x00,
    0x13, 0x00, 0x00, 0x00, 0x12, 0x00, 0x01, 0x00, 0x12, 0x00, 0x01, 0x00, 0x15, 0x00, 0x02, 0x00,
    0x15, 0x00, 0x02, 0x00, 0x14, 0x00, 0x03, 0x00, 0x14, 0x00, 0x03, 0x00, 0x18, 0x00, 0x04, 0x00,
    0x19, 0x00, 0x05, 0x00, 0x16, 0x00, 0x06, 0x00, 0x17, 0x00, 0x07, 0x00, 0x1A, 0x00, 0x00, 0x00,
    0x1A, 0x00, 0x00, 0x00, 0x19, 0x00, 0x01, 0x00, 0x19, 0x00, 0x01, 0x00, 0x1D, 0x00, 0x02, 0x00,
    0x1E, 0x00, 0x03, 0x00, 0x1F, 0x00, 0x04, 0x00, 0x20, 0x00, 0x05, 0x00, 0x21, 0x00, 0x06, 0x00,
    0x22, 0x00, 0x07, 0x00, 0x25, 0x00, 0x08, 0x00, 0x1B, 0x00, 0x09, 0x00, 0x1C, 0x00, 0x0A, 0x00,
    0x1A, 0x00, 0x00, 0xE0, 0x0D, 0x00, 0x00, 0xE0, 0x08, 0x00, 0x00, 0xE0, 0x09, 0x00, 0x00, 0xE0,
    0x0A, 0x00, 0x00, 0xE0, 0x1B, 0x00, 0x00, 0xE0, 0x0D, 0x00, 0x00, 0xE0, 0x08, 0x00, 0x00, 0xE0,
    0x09, 0x00, 0x00, 0xE0, 0x0A, 0x00, 0x00, 0xE0, 0xAC, 0x00, 0x00, 0x00, 0xB8, 0x00, 0x00, 0x00,
    0xC4, 0x00, 0x00, 0x00, 0xD0, 0x00, 0x00, 0x00, 0xDC, 0x00, 0x00, 0x00, 0xE8, 0x00, 0x00, 0x00,
    0xF4, 0x00, 0x00, 0x00, 0x00, 0x01, 0x00, 0x00, 0x0C, 0x01, 0x00, 0x00, 0x18, 0x01, 0x00, 0x00,
    0x24, 0x01, 0x00, 0x00, 0x30, 0x01, 0x00, 0x00, 0x3C, 0x01, 0x00, 0x00, 0x48, 0x01, 0x00, 0x00,
    0x54, 0x01, 0x00, 0x00, 0x60, 0x01, 0x00, 0x00, 0x6C, 0x01, 0x00, 0x00, 0x78, 0x01, 0x00, 0x00,
    0x84, 0x01, 0x00, 0x00, 0x90, 0x01, 0x00, 0x00, 0x9C, 0x01, 0x00, 0x00, 0xA8, 0x01, 0x00, 0x00,
    0xB4, 0x01, 0x00, 0x00, 0xC0, 0x01, 0x00, 0x00, 0xCC, 0x01, 0x00, 0x00, 0xD8, 0x01, 0x00, 0x00,
    0xE4, 0x01, 0x00, 0x00, 0xF0, 0x01, 0x00, 0x00, 0x01, 0x03, 0x00, 0x00, 0x01, 0x03, 0x00, 0x00,
    0x01, 0x03, 0x00, 0x00, 0x01, 0x03, 0x00, 0x00, 0x03, 0x01, 0x03, 0x00, 0x01, 0x03, 0x00, 0x00,
    0x03, 0x03, 0x03, 0x03, 0x03, 0x03, 0x03, 0x03, 0x03, 0x03, 0x03, 0x03, 0x03, 0x03, 0x03, 0x03,
    0x03, 0x03, 0x03, 0x03, 0x03, 0x03, 0x03, 0x03, 0x03, 0x03, 0x03, 0x03, 0x03, 0x03, 0x03, 0x03,
    0x03, 0x01, 0x03, 0x00, 0x00, 0x00, 0x00, 0x00, 0x00, 0x00, 0x00, 0x00, 0x00, 0x00, 0x00, 0x00,
    0x00, 0x00, 0x00, 0x00, 0x01, 0x00, 0x00, 0x00, 0x00, 0x00, 0x00, 0x00, 0x00, 0x00, 0x00, 0x00,
    0x00, 0x00, 0x00, 0x00, 0x0E, 0x00, 0x00, 0x00, 0x00, 0x00, 0x00, 0x00, 0x98, 0x01, 0x00, 0x00,
    0x00, 0x00, 0x00, 0x00, 0x0E, 0x00, 0x00, 0x00, 0x00, 0x00, 0x00, 0x00, 0x8C, 0x01, 0x00, 0x00,
    0x00, 0x00, 0x00, 0x00, 0x0E, 0x00, 0x00, 0x00, 0x00, 0x00, 0x00, 0x00, 0x80, 0x01, 0x00, 0x00,
    0x00, 0x00, 0x00, 0x00, 0x0E, 0x00, 0x00, 0x00, 0x00, 0x00, 0x00, 0x00, 0x74, 0x01, 0x00, 0x00,
    0x00, 0x00, 0x00, 0x00, 0x07, 0x00, 0x00, 0x00, 0x00, 0x00, 0x00, 0x00, 0x05, 0x00, 0x00, 0x00,
    0x00, 0x00, 0x00, 0x00, 0x07, 0x00, 0x00, 0x00, 0x00, 0x00, 0x00, 0x00, 0x0A, 0x00, 0x00, 0x00,
    0x00, 0x00, 0x00, 0x00, 0x07, 0x00, 0x00, 0x00, 0x00, 0x00, 0x00, 0x00, 0xC8, 0x00, 0x00, 0x00,
    0x00, 0x00, 0x00, 0x00, 0x07, 0x00, 0x00, 0x00, 0x00, 0x00, 0x00, 0x00, 0x00, 0x00, 0x00, 0x00,
    0x00, 0x00, 0x00, 0x00, 0x02, 0x00, 0x00, 0x00, 0x00, 0x00, 0x00, 0x00, 0x01, 0x00, 0x00, 0x00,
    0x00, 0x00, 0x00, 0x00, 0x0E, 0x00, 0x00, 0x00, 0x00, 0x00, 0x00, 0x00, 0x1C, 0x01, 0x00, 0x00,
    0x00, 0x00, 0x00, 0x00, 0x0E, 0x00, 0x00, 0x00, 0x00, 0x00, 0x00, 0x00, 0x10, 0x01, 0x00, 0x00,
    0x00, 0x00, 0x00, 0x00, 0x07, 0x00, 0x00, 0x00, 0x00, 0x00, 0x00, 0x00, 0x09, 0x00, 0x00, 0x00,
    0x00, 0x00, 0x00, 0x00, 0x0E, 0x00, 0x00, 0x00, 0x00, 0x00, 0x00, 0x00, 0xF4, 0x00, 0x00, 0x00,
    0x00, 0x00, 0x00, 0x00, 0x0E, 0x00, 0x00, 0x00, 0x00, 0x00, 0x00, 0x00, 0xE8, 0x00, 0x00, 0x00,
    0x00, 0x00, 0x00, 0x00, 0x0E, 0x00, 0x00, 0x00, 0x00, 0x00, 0x00, 0x00, 0xDC, 0x00, 0x00, 0x00,
    0x00, 0x00, 0x00, 0x00, 0x07, 0x00, 0x00, 0x00, 0x00, 0x00, 0x00, 0x00, 0x01, 0x00, 0x00, 0x00,
    0x00, 0x00, 0x00, 0x00, 0x0E, 0x00, 0x00, 0x00, 0x00, 0x00, 0x00, 0x00, 0xC0, 0x00, 0x00, 0x00,
    0x00, 0x00, 0x00, 0x00, 0x07, 0x00, 0x00, 0x00, 0x00, 0x00, 0x00, 0x00, 0x02, 0x00, 0x00, 0x00,
    0x00, 0x00, 0x00, 0x00, 0x0C, 0x00, 0x00, 0x00, 0x00, 0x00, 0x00, 0x00, 0x9A, 0x99, 0x99, 0x99,
    0x99, 0x99, 0xB9, 0x3F, 0x0C, 0x00, 0x00, 0x00, 0x00, 0x00, 0x00, 0x00, 0x00, 0x00, 0x00, 0x00,
    0x00, 0x00, 0x00, 0x00, 0x02, 0x00, 0x00, 0x00, 0x00, 0x00, 0x00, 0x00, 0x00, 0x00, 0x00, 0x00,
    0x00, 0x00, 0x00, 0x00, 0x0E, 0x00, 0x00, 0x00, 0x00, 0x00, 0x00, 0x00, 0x74, 0x00, 0x00, 0x00,
    0x00, 0x00, 0x00, 0x00, 0x0E, 0x00, 0x00, 0x00, 0x00, 0x00, 0x00, 0x00, 0x68, 0x00, 0x00, 0x00,
    0x00, 0x00, 0x00, 0x00, 0x0E, 0x00, 0x00, 0x00, 0x00, 0x00, 0x00, 0x00, 0x5C, 0x00, 0x00, 0x00,
    0x00, 0x00, 0x00, 0x00, 0x07, 0x00, 0x00, 0x00, 0x00, 0x00, 0x00, 0x00, 0x03, 0x00, 0x00, 0x00,
    0x00, 0x00, 0x00, 0x00, 0x07, 0x00, 0x00, 0x00, 0x00, 0x00, 0x00, 0x00, 0x04, 0x00, 0x00, 0x00,
    0x00, 0x00, 0x00, 0x00, 0xEF, 0x81, 0xB7, 0x00, 0xEF, 0x81, 0xB8, 0x00, 0xEF, 0x80, 0x93, 0x00,
    0x25, 0x2E, 0x31, 0x66, 0x00, 0x00, 0x00, 0x00, 0xEF, 0x80, 0x8D, 0x00, 0xEF, 0x80, 0xA1, 0x00,
    0xEF, 0x80, 0x95, 0x00, 0xEF, 0x81, 0x93, 0x00, 0xEF, 0x81, 0x94, 0x00, 0xEF, 0x83, 0x87, 0x00,
    0xEF, 0x84, 0xA4, 0x00, 0xEF, 0x80, 0x99, 0x00, 0xEF, 0x8A, 0x93, 0x00
};

native_var_t native_vars[] = {
    { NATIVE_VAR_TYPE_NONE, 0, 0 },
    { NATIVE_VAR_TYPE_FLOAT, get_var_front_pressure, set_var_front_pressure }, 
    { NATIVE_VAR_TYPE_FLOAT, get_var_back_pressure, set_var_back_pressure }, 
    { NATIVE_VAR_TYPE_FLOAT, get_var_front_max, set_var_front_max }, 
    { NATIVE_VAR_TYPE_FLOAT, get_var_back_max, set_var_back_max }, 
    { NATIVE_VAR_TYPE_FLOAT, get_var_ride_front, set_var_ride_front }, 
    { NATIVE_VAR_TYPE_FLOAT, get_var_ride_back, set_var_ride_back }, 
    { NATIVE_VAR_TYPE_FLOAT, get_var_front_up_x, set_var_front_up_x }, 
    { NATIVE_VAR_TYPE_FLOAT, get_var_front_down_x, set_var_front_down_x }, 
    { NATIVE_VAR_TYPE_FLOAT, get_var_back_up_x, set_var_back_up_x }, 
    { NATIVE_VAR_TYPE_FLOAT, get_var_back_down_x, set_var_back_down_x }, 
    { NATIVE_VAR_TYPE_BOOLEAN, get_var_auto_ride, set_var_auto_ride }, 
    { NATIVE_VAR_TYPE_BOOLEAN, get_var_auto_park, set_var_auto_park }, 
    { NATIVE_VAR_TYPE_FLOAT, get_var_auto_ride_sec, set_var_auto_ride_sec }, 
    { NATIVE_VAR_TYPE_FLOAT, get_var_auto_park_sec, set_var_auto_park_sec }, 
    { NATIVE_VAR_TYPE_BOOLEAN, get_var_logging, set_var_logging }, 
    { NATIVE_VAR_TYPE_BOOLEAN, get_var_machine_learning, set_var_machine_learning }, 
    { NATIVE_VAR_TYPE_BOOLEAN, get_var_bluetooth, set_var_bluetooth }, 
    { NATIVE_VAR_TYPE_FLOAT, get_var_park_duration_sec, set_var_park_duration_sec }, 
};

ActionExecFunc actions[] = {
    action_front_up_pressed,
    action_front_up_released,
    action_front_down_pressed,
    action_front_down_released,
    action_back_up_pressed,
    action_back_up_released,
    action_back_down_pressed,
    action_back_down_released,
    action_update_to_update_select_pressed,
    action_next_update_item,
    action_previous_update_item,
    action_update_select_screen_loaded,
    action_update_item_update_pressed,
    action_main_screen_loaded,
    action_update_select_to_main_pressed,
    action_save_settings_pressed,
    action_settings_to_update_pressed,
    action_park_pressed,
    action_ride_pressed,
    action_main_screen_to_settings_select_pressed,
    action_settings_left_pressed,
    action_settings_right_pressed,
    action_settings_select_load_start,
    action_top_left_button_pressed,
    action_bottom_right_button_pressed,
    action_calibration_screen_load_started,
    action_leave_calibration_screen,
};

void ui_init() {
    eez_flow_init(assets, sizeof(assets), (lv_obj_t **)&objects, sizeof(objects), images, sizeof(images), actions);
}

void ui_tick() {
    eez_flow_tick();
    tick_screen(g_currentScreen);
}